variable,cv_operativo,cv_observado_mean,n_usuarios,mediana_global,ratio_oper_obs
Total_min_de_ejercicio_diario,1.096392385993499,0.9263976742563204,10,12.0,1.1835007971858786
FC_al_caminar_promedio_diario,0.10060883008357656,0.0917897996262507,10,99.375,1.0960785456906448
FCr_promedio_diario,0.10931699667316022,0.13075974373860053,10,57.0,0.8360141550269009
HRV_SDNN,0.22835089294805752,0.2745561862255651,10,43.75781333333333,0.8317091524590634
Gasto_calorico_activo,0.3988120372562993,0.5370437984940806,10,442.76099999999997,0.7426061680157268
Numero_pasos_por_dia,0.2989115829625632,0.4843763792481087,10,5648.5,0.6171060269837266
