,next_verde,next_amarillo,next_rojo
act_verde,0.2828282828282828,0.5454545454545454,0.1717171717171717
act_amarillo,0.0691609977324263,0.7188208616780045,0.21201814058956917
act_rojo,0.027918781725888325,0.4847715736040609,0.4873096446700508
