Usuario,Anio_semana,Actividad_relativa_p50,Superavit_calorico_p50,HRV_SDNN_p50,Delta_cardiaco_p50,Fecha,Cluster,Cluster_label,PC1,PC2,TSNE1,TSNE2
Usuario_1,2022_W08,0.05,13.932341480694296,40.884166666666665,29.5,2022-02-23,0,SEDENTARIO,-1.7716003630414525,-0.5098705046778746,-34.597443,-20.989433
Usuario_1,2022_W09,0.1013888888888888,20.929365922777187,45.95754,36.0,2022-02-28,0,SEDENTARIO,-0.9120288313377962,-0.24665231229566734,-21.37,-18.517666
Usuario_1,2022_W10,0.0744444444444444,19.94148069429685,63.462120000000006,46.0,2022-03-07,0,SEDENTARIO,-0.8170681644963743,-0.453942106775435,-16.364878,-2.860097
Usuario_1,2022_W11,0.073076923076923,22.523273113708814,46.6064,37.0,2022-03-14,0,SEDENTARIO,-1.0100761090608235,-0.29615669457513294,-29.493547,-14.375105
Usuario_1,2022_W12,0.0722222222222222,25.660644704215372,47.667085,35.5,2022-03-21,0,SEDENTARIO,-1.0228274912654076,-0.07797778827827369,-30.294943,-13.028296
Usuario_1,2022_W13,0.0568627450980392,23.420970598653916,54.58083333333333,40.5,2022-03-28,0,SEDENTARIO,-1.0134453860484633,-0.29867009810635103,-26.570038,-5.499279
Usuario_1,2022_W14,0.069047619047619,21.30882040382572,43.33842,36.0,2022-04-04,0,SEDENTARIO,-1.0825177654885756,-0.38222364402032016,-30.352455,-15.702954
Usuario_1,2022_W15,0.07,15.316046758767271,43.45895,34.75,2022-04-11,0,SEDENTARIO,-1.3308376609230235,-0.5728028607899207,-30.572868,-19.645403
Usuario_1,2022_W16,0.1309523809523809,26.54714842366277,51.65195,41.0,2022-04-18,0,SEDENTARIO,-0.3388873419815118,-0.02722679918429674,-14.540072,7.33802
Usuario_1,2022_W17,0.0619047619047619,24.62167906482465,45.4983,36.0,2022-04-25,0,SEDENTARIO,-1.0636293989746255,-0.21987122139767504,-31.754675,-13.304491
Usuario_1,2022_W18,0.1,28.536946510804103,44.6126,33.5,2022-05-02,0,SEDENTARIO,-0.8141754711936119,0.15264520028774556,-22.733309,-16.807873
Usuario_1,2022_W19,0.07777777777777775,22.517995040736807,55.7739825,36.75,2022-05-09,0,SEDENTARIO,-1.1303577469661108,-0.08146605456429001,-31.083782,-2.1479797
Usuario_1,2022_W20,0.0680555555555555,24.2384697130712,46.50285,34.0,2022-05-16,0,SEDENTARIO,-1.1628011814304988,-0.1073427694987381,-31.509771,-14.022209
Usuario_1,2022_W21,0.0461538461538461,22.151328374070136,48.299775,41.75,2022-05-23,0,SEDENTARIO,-0.9590572041507472,-0.5699816503300382,-25.7476,-9.343073
Usuario_1,2022_W22,0.0378787878787878,19.522210414452708,52.247150000000005,42.0,2022-05-30,0,SEDENTARIO,-1.1403932337283516,-0.6348787063915502,-22.447086,-5.4090314
Usuario_1,2022_W23,0.0666666666666666,18.40474672334396,58.431225,48.0,2022-06-06,0,SEDENTARIO,-0.7265580702741666,-0.7352998653579867,-16.528143,-4.304315
Usuario_1,2022_W24,0.0535714285714285,20.523131420474677,55.3391875,43.5,2022-06-13,0,SEDENTARIO,-0.9632854469617286,-0.5486497527321932,-20.672573,-5.4220243
Usuario_1,2022_W25,0.05,21.603117251151257,58.04866666666666,40.8878,2022-06-20,0,SEDENTARIO,-1.1454420523558662,-0.3413051769328745,-26.03523,-4.8925104
Usuario_1,2022_W26,0.0702380952380952,19.98101310662416,52.35185,35.0,2022-06-27,0,SEDENTARIO,-1.3075076885090908,-0.20334875091746085,-31.66077,-8.939512
Usuario_1,2022_W27,0.0577777777777777,24.79178179241941,48.71515,41.0,2022-07-04,0,SEDENTARIO,-0.8487564101464373,-0.38196709934057493,-26.337383,-9.925051
Usuario_1,2022_W28,0.0544444444444444,22.96705632306057,61.306625,46.0,2022-07-11,0,SEDENTARIO,-0.8299414068578166,-0.4316059353214326,-17.682114,-2.3682096
Usuario_1,2022_W29,0.0618055555555555,25.078852284803403,53.51682000000001,36.0,2022-07-18,0,SEDENTARIO,-1.171155885832469,-0.03513095381043142,-30.87798,-10.159566
Usuario_1,2022_W30,0.1083333333333333,24.216861494863625,52.94856,44.0,2022-07-25,0,SEDENTARIO,-0.41195764072728447,-0.300406534217193,-12.074662,-9.419802
Usuario_1,2022_W31,0.0384615384615384,20.900531349628057,56.99764999999999,38.5,2022-08-01,0,SEDENTARIO,-1.3666513928127793,-0.32062785373612296,-28.319624,-5.498692
Usuario_1,2022_W32,0.0702380952380952,21.124052426496636,51.15632,37.5,2022-08-08,0,SEDENTARIO,-1.111712564730641,-0.29172490621798575,-29.002432,-11.082552
Usuario_1,2022_W33,0.0625,23.87956075097414,50.669920000000005,37.5,2022-08-15,0,SEDENTARIO,-1.0739428512279876,-0.20930812212526934,-30.090712,-11.003161
Usuario_1,2022_W34,0.0522222222222222,24.30407368048176,60.061075,38.0,2022-08-22,0,SEDENTARIO,-1.2441576735619373,-0.05052477085898459,-29.620064,-4.348205
Usuario_1,2022_W35,0.0653846153846153,24.51781792419412,58.0359,40.5,2022-08-29,0,SEDENTARIO,-0.9739039271968144,-0.155482727249435,-26.3755,-3.1942718
Usuario_1,2022_W36,0.0564102564102564,19.55274530641162,57.87736666666666,34.5,2022-09-05,0,SEDENTARIO,-1.526938598942355,-0.12635504368246597,-32.79745,-6.5072217
Usuario_1,2022_W37,0.0510416666666666,24.20935175345377,46.03716666666667,33.5,2022-09-12,0,SEDENTARIO,-1.301784244064062,-0.14707393398073573,-32.838295,-14.0724945
Usuario_1,2022_W38,0.0735416666666666,26.468792065178885,48.12926,38.0,2022-09-19,0,SEDENTARIO,-0.8530889044510807,-0.1421691865362441,-27.082863,-12.00719
Usuario_1,2022_W39,0.0666666666666666,23.39822883457315,51.50165,39.5,2022-09-26,0,SEDENTARIO,-0.9579527662880937,-0.2891269287163092,-27.890068,-10.04228
Usuario_1,2022_W40,0.0657407407407407,24.47977329082536,45.8857625,37.0,2022-10-03,0,SEDENTARIO,-0.9902189442271532,-0.25094332414443543,-30.383314,-13.8695135
Usuario_1,2022_W41,0.0625,20.80623450230252,46.900075,35.0,2022-10-10,0,SEDENTARIO,-1.253441538574541,-0.3047187636579063,-31.590874,-15.097077
Usuario_1,2022_W42,0.0555555555555555,18.12766560396741,45.52433333333334,30.0,2022-10-17,0,SEDENTARIO,-1.6477587934699907,-0.24326049035465735,-34.435043,-21.620628
Usuario_1,2022_W43,0.0809523809523809,25.390648246546228,52.460766666666665,37.0,2022-10-24,0,SEDENTARIO,-0.9574704232580052,-0.030909395477420276,-28.10849,-11.972432
Usuario_1,2022_W44,0.0602564102564102,22.00425079702444,54.75715,34.5,2022-10-31,0,SEDENTARIO,-1.3794285238796562,-0.07631194559650811,-33.094254,-5.8807936
Usuario_1,2022_W45,0.054487179487179446,20.658767268862913,49.25075,47.5,2022-11-07,0,SEDENTARIO,-0.6321582390142588,-0.8447887352669272,-2.5693352,-9.464472
Usuario_1,2022_W46,0.07357142857142855,19.4897626638328,49.4547,29.0,2022-11-15,0,SEDENTARIO,-1.5996266337564315,-0.005852844806954111,-33.66413,-22.589579
Usuario_1,2022_W47,0.0922222222222222,21.723910733262485,61.13156,35.0,2022-11-21,0,SEDENTARIO,-1.2363914212924483,0.11762197350948922,-32.25872,0.5151038
Usuario_1,2022_W48,0.0858974358974359,21.459015232022672,56.09636666666666,35.0,2022-11-28,0,SEDENTARIO,-1.211922851244969,-0.0166779247045985,-32.019196,-1.3763931
Usuario_1,2022_W49,0.0833333333333333,24.86546227417641,51.488225,47.0,2022-12-05,0,SEDENTARIO,-0.36964804102737153,-0.5126169002982743,-8.626023,-6.807075
Usuario_1,2022_W50,0.0897435897435897,22.37520368402409,46.88856666666667,42.0,2022-12-12,0,SEDENTARIO,-0.6183188702977244,-0.46972350120189915,-13.631471,-13.676951
Usuario_1,2022_W51,0.0847222222222222,20.04002833864683,49.9836,36.0,2022-12-19,0,SEDENTARIO,-1.1136441893229514,-0.2509196732377228,-27.262463,-15.122882
Usuario_1,2022_W52,0.0552083333333333,18.917676230959973,48.26105,35.5,2022-12-26,0,SEDENTARIO,-1.3523777074614474,-0.4001994516567928,-32.43913,-15.588982
Usuario_1,2023_W01,0.0743589743589743,19.460148777895856,48.84545,36.0,2023-01-02,0,SEDENTARIO,-1.185012504154296,-0.33001380609560726,-28.511799,-15.059204
Usuario_1,2023_W02,0.0702380952380952,21.25115125752745,49.45362,37.0,2023-01-09,0,SEDENTARIO,-1.1108763794207974,-0.2992639230606825,-28.969948,-13.599506
Usuario_1,2023_W03,0.0826465201465201,18.904215373715907,42.378816666666665,36.69125,2023-01-16,0,SEDENTARIO,-1.0081852248347494,-0.4930396031409988,-27.376654,-19.26382
Usuario_1,2023_W04,0.0770833333333333,18.61983705278073,43.4897,43.75,2023-01-23,0,SEDENTARIO,-0.6672837810088407,-0.8140698832080062,-6.04787,-12.029842
Usuario_1,2023_W05,0.0958333333333333,20.60857244066596,48.00501666666666,39.5,2023-01-30,0,SEDENTARIO,-0.790114254774166,-0.3908517684207211,-16.55657,-15.362975
Usuario_1,2023_W06,0.0604166666666666,12.162557562876374,52.898175,31.25,2023-02-06,0,SEDENTARIO,-1.8344577440518266,-0.3825799230077261,-34.938946,-19.302956
Usuario_1,2023_W07,0.0709523809523809,18.40024796315976,52.7901,39.0,2023-02-16,0,SEDENTARIO,-1.1279567473116883,-0.4372267658069854,-28.150518,-8.226175
Usuario_1,2023_W08,0.0722222222222222,20.05688983351045,54.7366,39.0,2023-02-20,0,SEDENTARIO,-1.098407153055457,-0.3235480146653229,-28.553936,-7.9525065
Usuario_1,2023_W09,0.0628205128205128,18.59794544810485,49.7421,41.0,2023-02-27,0,SEDENTARIO,-1.0172067057159808,-0.6057729306691642,-24.578161,-8.839981
Usuario_1,2023_W10,0.1688888888888889,30.454268508678712,53.34652,38.0,2023-03-06,0,SEDENTARIO,-0.1582419724378703,0.42016710223139847,-10.427831,34.49113
Usuario_1,2023_W11,0.0845238095238095,18.815657102373365,57.19076666666666,37.5,2023-03-13,0,SEDENTARIO,-1.1746279280869611,-0.22090916985902675,-30.193241,-0.9176329
Usuario_1,2023_W12,0.0648148148148148,16.18157987956075,53.1417,42.0,2023-03-20,0,SEDENTARIO,-1.0705976911575572,-0.6756515918590349,-23.437471,-8.020567
Usuario_1,2023_W13,0.0452380952380952,2.929436769394261,53.1417,33.0,2023-03-27,0,SEDENTARIO,-2.1213198451258175,-0.8893158630847493,-35.694668,-17.88092
Usuario_1,2023_W14,0.0797619047619047,19.892242295430396,51.281025,44.0,2023-04-03,0,SEDENTARIO,-0.7133747436899834,-0.602584038879828,-11.3751335,-6.306287
Usuario_1,2023_W15,0.0727272727272727,19.89720155862557,60.95985,30.5,2023-04-10,0,SEDENTARIO,-1.6803185262959823,0.17965842951163336,-35.900627,-6.5199666
Usuario_1,2023_W16,0.0633333333333333,21.10690754516472,53.03673333333334,38.0,2023-04-17,0,SEDENTARIO,-1.1591624326361865,-0.2966744044981049,-29.26297,-9.43641
Usuario_1,2023_W17,0.0888888888888888,21.684307474318103,59.2204,38.75,2023-04-24,0,SEDENTARIO,-1.016849734433221,-0.10111113744120304,-28.754255,-0.29993182
Usuario_1,2023_W18,0.0761904761904762,22.233793836344315,60.143325,37.25,2023-05-01,0,SEDENTARIO,-1.186952283283715,-0.030156170652434706,-29.205837,-1.7475061
Usuario_1,2023_W19,0.0610119047619047,19.937902940134606,59.555925,32.0,2023-05-08,0,SEDENTARIO,-1.6522373480711428,0.05006606137652894,-35.091938,-6.4862814
Usuario_1,2023_W20,0.06,19.857244066595825,58.04397083333333,36.0,2023-05-15,0,SEDENTARIO,-1.4097357584927908,-0.16631582916170057,-31.79362,-6.146042
Usuario_1,2023_W21,0.0761904761904762,21.76365568544102,60.715125,38.0,2023-05-22,0,SEDENTARIO,-1.1668327876390172,-0.0715849605971506,-28.530214,-1.5442846
Usuario_1,2023_W22,0.053125,13.928728303223522,50.60822708333333,34.0,2023-05-29,0,SEDENTARIO,-1.6389221401337066,-0.5005253891201822,-34.078686,-18.541368
Usuario_1,2023_W23,0.0702380952380952,23.93850513637973,61.905525,37.5,2023-06-05,0,SEDENTARIO,-1.1882947692010861,0.04882431448756483,-28.665863,-2.1980789
Usuario_1,2023_W24,0.0477777777777777,22.6903294367694,48.02475714285714,39.0,2023-06-12,0,SEDENTARIO,-1.0849989388399537,-0.42529465726522797,-32.886967,-11.363661
Usuario_1,2023_W25,0.1083333333333333,26.40878498051718,45.82545,41.0,2023-06-19,0,SEDENTARIO,-0.4102230472903604,-0.22162147738860363,-14.096718,-16.25322
Usuario_1,2023_W26,0.1208333333333333,23.295005313496283,57.03074444444445,34.875,2023-06-26,0,SEDENTARIO,-0.9384033197664964,0.19052258522719173,-20.973541,8.923849
Usuario_1,2023_W27,0.1041666666666666,28.617144881331917,50.30888,38.5,2023-07-03,0,SEDENTARIO,-0.5825670179418896,0.06301330641780514,-19.57941,-14.858433
Usuario_1,2023_W28,0.1177083333333333,24.6769394261424,63.86155,31.5,2023-07-10,0,SEDENTARIO,-1.2140852913862137,0.5312041500038636,-20.795233,26.864082
Usuario_1,2023_W29,0.1273809523809523,21.078356358483884,54.46528571428571,40.0,2023-07-17,0,SEDENTARIO,-0.6285227205801092,-0.1648858438355157,-17.511852,5.8188586
Usuario_1,2023_W30,0.1254901960784313,26.11470067304286,56.626157142857146,39.5,2023-07-24,0,SEDENTARIO,-0.550156998959438,0.10803986659443679,-16.277119,7.9749756
Usuario_1,2023_W31,0.1444444444444444,25.60687212185618,61.9272,35.0,2023-07-31,0,SEDENTARIO,-0.7733168221035945,0.4544011909911653,-19.176321,29.203175
Usuario_1,2023_W32,0.1274509803921568,25.361955366631243,59.05436666666666,35.0,2023-08-07,0,SEDENTARIO,-0.8538235986407994,0.3335478596790406,-20.770258,28.207909
Usuario_1,2023_W33,0.1177083333333333,29.196599362380447,63.26816,35.0,2023-08-14,0,SEDENTARIO,-0.867849571381566,0.5524739104061374,-19.114492,25.794712
Usuario_1,2023_W34,0.1411764705882353,25.798937300743887,60.04494285714286,42.0,2023-08-21,0,SEDENTARIO,-0.36059399916724716,0.10101941299956393,-10.209938,9.412253
Usuario_1,2023_W35,0.08125,27.819199433227062,74.278125,43.0,2023-08-28,0,SEDENTARIO,-0.866615638092353,0.2552062116972967,-18.520689,15.267834
Usuario_1,2023_W36,0.099074074074074,25.32936592277719,56.1559,41.0,2023-09-04,0,SEDENTARIO,-0.6617727227325441,-0.08119694508556313,-15.120331,-9.364892
Usuario_1,2023_W37,0.1431372549019607,24.873680481756995,51.65003333333333,32.25,2023-09-11,0,SEDENTARIO,-0.8072949569429494,0.3299614881873678,-22.255213,30.815834
Usuario_1,2023_W38,0.1477777777777777,20.78476797732908,58.75516666666667,34.25,2023-09-18,0,SEDENTARIO,-0.8917001331420543,0.22974367164708104,-19.53645,29.869268
Usuario_1,2023_W39,0.0679487179487179,20.101027275947573,65.73220833333333,32.5,2023-09-25,0,SEDENTARIO,-1.664132716431456,0.18319657828406266,-35.644573,-5.791177
Usuario_1,2023_W40,0.0756410256410256,22.963230605738573,55.91566,34.0,2023-10-02,0,SEDENTARIO,-1.2911542926723831,0.05657959681817315,-33.625397,-3.4287276
Usuario_1,2023_W41,0.09642857142857139,15.772972015586255,56.0222,35.5,2023-10-09,0,SEDENTARIO,-1.2822159713458199,-0.24773673682037284,-23.891455,4.000273
Usuario_1,2023_W42,0.0702380952380952,17.70131066241587,56.00292375,37.5,2023-10-16,0,SEDENTARIO,-1.2882808306962827,-0.33529229402209426,-30.014364,-7.169354
Usuario_1,2023_W43,0.1297619047619047,27.06617074034715,53.761066666666665,24.5,2023-10-23,0,SEDENTARIO,-1.3081637237394825,0.7716632178978573,-21.960218,33.465176
Usuario_1,2023_W44,0.056060606060606,32.757421183138504,57.03414,31.5,2023-10-30,0,SEDENTARIO,-1.2887131428007004,0.543933243646147,-36.600292,-2.6534443
Usuario_1,2023_W45,0.1666666666666666,29.290187743535245,53.72892,32.44999999999999,2023-11-06,0,SEDENTARIO,-0.5323475704644373,0.6203963010224458,-19.871216,32.48914
Usuario_1,2023_W46,0.1254901960784313,33.36741055614594,60.630875,37.5,2023-11-13,0,SEDENTARIO,-0.5054185270307734,0.5849105148396971,-11.59742,22.355553
Usuario_1,2023_W47,0.0766666666666666,27.75855472901169,62.0732,32.0,2023-11-20,0,SEDENTARIO,-1.3461928452617977,0.4778174479800597,-35.336346,-1.8967186
Usuario_1,2023_W48,0.0577777777777777,29.4201912858661,60.22216666666666,36.25,2023-11-27,0,SEDENTARIO,-1.1539010514076018,0.26264531480818054,-31.940527,-3.730817
Usuario_1,2023_W49,0.08416666666666665,22.63134962805526,59.62849285714286,43.1875,2023-12-04,0,SEDENTARIO,-0.7724743272971045,-0.2653184088102709,-13.944357,-0.9135729
Usuario_1,2023_W50,0.0567599067599067,21.259050655331208,57.4259625,38.040350000000004,2023-12-12,0,SEDENTARIO,-1.263307640052055,-0.22109686665856024,-29.460505,-5.3538494
Usuario_1,2023_W51,0.0830555555555555,35.42274176408077,53.747847500000006,35.0,2023-12-19,0,SEDENTARIO,-0.7732867154128504,0.5128589708527447,-6.031791,21.714005
Usuario_1,2023_W52,0.0723739495798319,17.284378320935176,55.94651458333333,35.75,2023-12-25,0,SEDENTARIO,-1.3856701944643255,-0.2693747965125368,-31.097183,-7.1496377
Usuario_1,2024_W01,0.0633241758241758,23.020297555791707,48.75515916666667,35.875,2024-01-02,0,SEDENTARIO,-1.1585726559831804,-0.20993891460495018,-31.108366,-12.735864
Usuario_1,2024_W02,0.0583333333333333,25.09117959617428,59.1544,35.0,2024-01-08,0,SEDENTARIO,-1.3366829295194835,0.11619637246819878,-32.190266,-4.382828
Usuario_1,2024_W03,0.0435897435897435,28.671130003542327,59.1544,32.0,2024-01-15,0,SEDENTARIO,-1.5010673977297488,0.3562322078733496,-36.33207,-3.153174
Usuario_1,2024_W04,0.0666666666666666,15.757350336521432,58.63174285714286,31.5,2024-01-22,0,SEDENTARIO,-1.7548195125138732,-0.10532976330689843,-35.56003,-7.3566184
Usuario_1,2024_W05,0.0568627450980392,14.407651434643997,55.15215,42.0,2024-01-29,0,SEDENTARIO,-1.2089990101237542,-0.7325374783686553,-22.839834,-7.2187924
Usuario_1,2024_W06,0.03809523809523805,18.09819341126461,55.2940725,19.171,2024-02-06,0,SEDENTARIO,-2.5354931966016143,0.3887217279558712,-37.02722,-22.576416
Usuario_1,2024_W07,0.054563492063491995,7.429791002479632,56.32427333333333,19.89615,2024-02-14,0,SEDENTARIO,-2.719706248013848,-0.021009077622479777,-37.121735,-21.98301
Usuario_1,2024_W08,0.0702380952380952,6.399929153382926,55.34138,27.0,2024-02-19,0,SEDENTARIO,-2.2218900567613447,-0.35474989653270167,-36.36104,-20.678745
Usuario_1,2024_W09,0.025773809523809497,11.494686503719446,66.54713333333332,36.75,2024-03-02,0,SEDENTARIO,-1.9822312827501507,-0.47832219853967034,-37.701847,-16.299967
Usuario_1,2024_W10,0.0702380952380952,13.609847679773289,66.54713333333332,7.704000000000001,2024-03-06,0,SEDENTARIO,-3.277519848266451,1.0418538575930811,-37.955585,-22.700676
Usuario_1,2024_W11,0.059722222222222204,23.737832093517532,57.902078571428575,37.0,2024-03-11,0,SEDENTARIO,-1.234740904887047,-0.05172012353862279,-30.438908,-4.6329045
Usuario_1,2024_W12,0.06190476190476185,10.943995749202976,48.35844345238095,35.5,2024-03-19,0,SEDENTARIO,-1.5494001027801194,-0.7130288374529412,-33.011852,-18.85042
Usuario_1,2024_W13,0.0307692307692307,11.884165781083952,65.6377,31.0,2024-03-27,0,SEDENTARIO,-2.2519064166531138,-0.20888043255919686,-37.563473,-17.113817
Usuario_1,2024_W14,0.065,16.215940488841657,59.22506,36.0,2024-04-01,0,SEDENTARIO,-1.5035223010970862,-0.27982245906928505,-31.639477,-6.9737883
Usuario_1,2024_W15,0.0476190476190476,22.630464045341835,49.1581,38.5,2024-04-08,0,SEDENTARIO,-1.1335953041955464,-0.38251401816540187,-32.76117,-11.193153
Usuario_1,2024_W16,0.05277777777777775,15.377718738930215,55.556695238095244,35.5,2024-04-15,0,SEDENTARIO,-1.5859942687392292,-0.4053586229397289,-32.466087,-7.670951
Usuario_1,2024_W17,0.0770833333333333,13.824725469358835,43.393825,36.5,2024-04-22,0,SEDENTARIO,-1.2262787530330657,-0.6936559012641705,-30.351225,-19.429796
Usuario_1,2024_W18,0.1509803921568627,25.826780021253985,49.520383333333335,42.0,2024-04-29,0,SEDENTARIO,-0.134229968556878,-0.08596016579079346,-8.90198,4.754796
Usuario_1,2024_W19,0.1041666666666666,27.07658519305703,59.383633333333336,35.0,2024-05-06,0,SEDENTARIO,-0.9662667115729994,0.34230874589028615,-32.638268,2.4289982
Usuario_1,2024_W20,0.0680555555555555,22.017074034714845,63.75945,40.0,2024-05-13,0,SEDENTARIO,-1.1461132489923285,-0.11180350557578399,-26.826366,-1.5532538
Usuario_1,2024_W21,0.1392857142857143,25.86737513283741,62.1613,34.0,2024-05-20,0,SEDENTARIO,-0.8615471654934297,0.4993290387797686,-19.826643,29.00734
Usuario_1,2024_W22,0.11499999999999995,20.475947573503362,54.3946375,36.58725,2024-05-28,0,SEDENTARIO,-0.9259299447071099,-0.07647645916786686,-21.093197,7.284031
Usuario_1,2024_W23,0.109375,17.533191640099183,60.947316666666666,37.5,2024-06-03,0,SEDENTARIO,-1.0998712625823557,-0.12229809073385933,-22.551624,5.759003
Usuario_1,2024_W24,0.1166666666666666,18.54778604321644,60.947316666666666,39.0,2024-06-10,0,SEDENTARIO,-0.933321032270268,-0.1247282489185236,-20.971424,5.778609
Usuario_1,2024_W25,0.09669312169312165,16.1503365214311,64.94566041666667,37.0,2024-06-18,0,SEDENTARIO,-1.3173711110236233,-0.11354387971869054,-24.118221,5.494359
Usuario_1,2024_W26,0.1254901960784313,22.01657810839533,59.3409,39.0,2024-06-24,0,SEDENTARIO,-0.7437242637638206,0.014343218020984413,-18.918308,7.2715006
Usuario_1,2024_W27,0.15260416666666665,30.865958200495932,52.59087166666667,32.25,2024-07-01,0,SEDENTARIO,-0.5752360432666757,0.6296692024210615,-21.421387,31.789785
Usuario_1,2024_W28,0.08103318250377065,22.74704215373716,61.7033375,41.2054,2024-07-08,0,SEDENTARIO,-0.9351831044491453,-0.1384399181787817,-25.679306,-0.7499627
Usuario_1,2024_W29,0.1104166666666666,19.708962097059867,55.7729875,37.5,2024-07-15,0,SEDENTARIO,-0.9489906995934666,-0.13476225384973356,-21.318182,6.6278205
Usuario_1,2024_W30,0.1362745098039215,25.353666312433585,54.587428571428575,40.0,2024-07-22,0,SEDENTARIO,-0.4400465725392139,0.04402926471362181,-15.596336,7.3110757
Usuario_1,2024_W31,0.1245098039215686,24.880835990081472,58.986628571428575,37.0,2024-07-29,0,SEDENTARIO,-0.772946948946444,0.21374141169551542,-19.2973,9.29238
Usuario_1,2024_W32,0.0923076923076923,27.201346085724406,60.48256666666666,38.8139,2024-08-05,0,SEDENTARIO,-0.8417579572884379,0.1642164786057953,-27.950525,1.8449053
Usuario_1,2024_W33,0.1225694444444444,26.17764789231314,65.91033571428571,38.364999999999995,2024-08-12,0,SEDENTARIO,-0.7729944881845824,0.3445997809096683,-16.163525,17.775814
Usuario_1,2024_W34,0.109375,27.007793127878145,67.78108333333334,44.5,2024-08-19,0,SEDENTARIO,-0.51494043396121,0.10440248603786467,-15.618645,14.838451
Usuario_1,2024_W35,0.1064814814814814,31.782996811902237,68.61996,41.5,2024-08-26,0,SEDENTARIO,-0.5746438456522639,0.4476723195998121,-14.304814,17.201796
Usuario_1,2024_W36,0.0833333333333333,20.665249734325187,65.72926666666667,35.0,2024-09-02,0,SEDENTARIO,-1.3984928283587421,0.14147417049512145,-32.909176,0.062257286
Usuario_1,2024_W37,0.0976190476190476,25.143535246191995,60.58685,36.0,2024-09-09,0,SEDENTARIO,-1.0304426438502408,0.22160098127108468,-32.118103,1.7823415
Usuario_1,2024_W38,0.06626838235294111,41.90410910379029,63.077795833333326,36.25,2024-09-17,0,SEDENTARIO,-0.7608152230821872,0.8717488439314414,-8.013348,22.550577
Usuario_1,2024_W39,0.1088235294117647,28.783280198370527,69.2928,37.0,2024-09-23,0,SEDENTARIO,-0.9173057063646588,0.5436225410749524,-15.41902,19.304102
Usuario_1,2024_W40,0.0805555555555555,25.07056323060574,62.15369999999999,39.0,2024-09-30,0,SEDENTARIO,-1.001210156715693,0.0655693456018098,-27.327328,0.043358803
Usuario_1,2024_W41,0.091025641025641,22.432943676939427,55.672383333333336,38.5,2024-10-07,0,SEDENTARIO,-0.9404756529713801,-0.12543628350282246,-29.288296,0.033560764
Usuario_1,2024_W42,0.0702380952380952,23.69564293304995,53.6961,43.0,2024-10-14,0,SEDENTARIO,-0.7570542121652378,-0.37684171662814253,-13.935417,-6.0174675
Usuario_1,2024_W43,0.0710526315789473,24.170527807297205,52.67127142857142,33.0,2024-10-21,0,SEDENTARIO,-1.2944614607398388,0.07106314705139158,-34.180458,-4.2290454
Usuario_1,2024_W44,0.0822916666666666,39.9781792419412,58.30697142857143,32.5,2024-10-28,0,SEDENTARIO,-0.8524194431414845,0.9079097886250949,-6.928686,22.707333
Usuario_1,2024_W45,0.0702380952380952,24.266170740347142,51.58188571428571,36.0,2024-11-04,0,SEDENTARIO,-1.1089099705802894,-0.08390887121431402,-30.129282,-11.774453
Usuario_1,2024_W46,0.0797619047619047,35.78299681190223,56.623575,35.25,2024-11-11,0,SEDENTARIO,-0.8138908444047818,0.5663862634230443,-6.427677,21.769741
Usuario_1,2024_W47,0.0869047619047619,27.11909316330145,45.91738,44.0,2024-11-18,0,SEDENTARIO,-0.3649598767784234,-0.3883868173034773,-10.481791,-12.716116
Usuario_1,2024_W48,0.0966666666666666,29.20722635494155,58.482025,41.5,2024-11-25,0,SEDENTARIO,-0.567224928795202,0.1002500276594345,-13.935366,12.908819
Usuario_1,2024_W49,0.0905555555555555,24.627275947573505,50.88398,38.125,2024-12-02,0,SEDENTARIO,-0.8266701550578416,-0.11693851211619932,-21.50771,-14.429104
Usuario_1,2024_W50,0.0651190476190476,23.12079348211123,47.359815,34.25,2024-12-09,0,SEDENTARIO,-1.215319137534288,-0.1565832674810222,-31.69189,-14.142016
Usuario_1,2024_W51,0.0422222222222222,23.44073680481757,47.359815,37.5,2024-12-16,0,SEDENTARIO,-1.1762219057991339,-0.3572371455708562,-33.324547,-11.76358
Usuario_1,2024_W52,0.0827380952380952,29.825752745306414,55.8404,37.5,2024-12-24,0,SEDENTARIO,-0.8332042421150944,0.20835815980190814,-28.778727,3.4423466
Usuario_1,2025_W01,0.0305555555555555,9.650690754516472,56.22375,33.0,2024-12-30,0,SEDENTARIO,-2.0647383713088896,-0.5873888277399733,-36.541885,-17.885464
Usuario_1,2025_W02,0.0702380952380952,22.65299326957138,59.973600000000005,39.96,2025-01-06,0,SEDENTARIO,-1.0572300040359617,-0.1550257001203526,-26.796143,-2.2364593
Usuario_1,2025_W03,0.04749999999999995,19.328480340063763,45.16571666666667,35.0,2025-01-16,0,SEDENTARIO,-1.3747604465490968,-0.44782233269757343,-32.932312,-15.393667
Usuario_1,2025_W04,0.0702380952380952,19.691392136025502,45.9653,37.5,2025-01-20,0,SEDENTARIO,-1.0769545868202166,-0.4592713951844498,-29.186773,-15.9538145
Usuario_1,2025_W05,0.0717948717948717,18.746510804109107,41.4761,23.0,2025-01-28,0,SEDENTARIO,-1.8578736620544656,0.06058508527375195,-35.235077,-23.010365
Usuario_1,2025_W06,0.0769230769230769,35.33935529578463,58.03218,41.0,2025-02-03,0,SEDENTARIO,-0.5386052338763947,0.3114837187559833,-7.3933706,19.062073
Usuario_1,2025_W07,0.0783333333333333,27.175061990789946,57.66135666666667,33.5,2025-02-10,0,SEDENTARIO,-1.200127192563985,0.30007364533059105,-34.504765,-2.2513764
Usuario_1,2025_W08,0.05388888888888885,15.418951470067304,54.38223333333334,21.75,2025-02-17,0,SEDENTARIO,-2.347042014849435,0.18963632395972768,-36.788063,-22.42
Usuario_1,2025_W09,0.0833333333333333,22.14027630180659,47.2073625,30.0,2025-02-24,0,SEDENTARIO,-1.3614538169940338,0.04374008549082442,-33.19872,-22.891825
Usuario_1,2025_W10,0.0760416666666666,24.9563584838824,47.69502,38.96,2025-03-03,0,SEDENTARIO,-0.8202395215623187,-0.2500497469354297,-26.562935,-12.094021
Usuario_10,2022_W32,0.0533333333333333,5.476687116564417,47.7407125,42.0,2022-08-12,0,SEDENTARIO,-1.3919886465981046,-1.271655856711485,-21.992865,-9.54844
Usuario_10,2022_W33,0.04,16.10621165644172,63.2156,44.0,2022-08-15,0,SEDENTARIO,-1.2798201087870469,-0.6345108683783109,-21.387613,-3.7405777
Usuario_10,2022_W34,0.0555555555555555,17.15943251533742,72.75999999999999,41.0,2022-08-22,0,SEDENTARIO,-1.4569361543432158,-0.21204219827168375,-21.760326,-1.373581
Usuario_10,2022_W35,0.0464285714285714,15.290720858895703,57.6216,43.0,2022-08-29,0,SEDENTARIO,-1.2335830713501519,-0.7204425254914504,-22.247175,-6.2101192
Usuario_10,2022_W36,0.1075757575757575,24.061119631901843,43.6432,41.0,2022-09-05,0,SEDENTARIO,-0.45363782264849234,-0.367665979375913,-14.28359,-16.814575
Usuario_10,2022_W37,0.0383333333333333,13.77569018404908,52.90860000000001,39.75,2022-09-12,0,SEDENTARIO,-1.4500859484008297,-0.760754087267054,-23.750446,-6.880051
Usuario_10,2022_W38,0.05,12.762039877300614,50.75675,42.0,2022-09-19,0,SEDENTARIO,-1.239643036189351,-0.9132333228460914,-22.339909,-8.256344
Usuario_10,2022_W39,0.0458333333333333,20.10329754601227,50.75675,37.5,2022-09-26,0,SEDENTARIO,-1.303668055143419,-0.4163319572009162,-32.87857,-10.604092
Usuario_10,2022_W40,0.05430555555555555,13.64551380368098,53.9140375,42.125,2022-10-03,0,SEDENTARIO,-1.2237830583327718,-0.8034436537425562,-22.603981,-7.5225997
Usuario_10,2022_W41,0.0512820512820512,13.153450920245398,50.4649,43.75,2022-10-10,0,SEDENTARIO,-1.1143867792326403,-0.9771375274030503,-21.63603,-8.090919
Usuario_10,2022_W42,0.05986928104575159,17.337960122699386,64.60135,38.5,2022-10-17,0,SEDENTARIO,-1.442400182605874,-0.24861291794775775,-27.762283,-3.5671268
Usuario_10,2022_W43,0.04339826839826835,18.433665644171782,55.465525,44.75,2022-10-24,0,SEDENTARIO,-1.0264881034511073,-0.7202803446659807,-21.045546,-5.865537
Usuario_10,2022_W44,0.04375,12.15713190184049,44.62225,54.625,2022-10-31,0,SEDENTARIO,-0.48526929780920464,-1.648281949915034,0.28998291,-12.732079
Usuario_10,2022_W45,0.0277777777777777,5.024079754601226,52.934,38.0,2022-11-08,0,SEDENTARIO,-1.8879147324641088,-1.0815123364337058,-35.83394,-16.821415
Usuario_10,2022_W46,0.0488095238095238,15.50578987730061,50.7115,52.25,2022-11-14,0,SEDENTARIO,-0.5769417194644318,-1.2603423878137712,-0.46884376,-12.09297
Usuario_10,2022_W47,0.0703703703703703,15.533895705521472,56.4294,39.5,2022-11-21,0,SEDENTARIO,-1.244854367266229,-0.5064734455595281,-26.885038,-7.391308
Usuario_10,2022_W48,0.0477777777777777,24.088957055214724,42.54486666666667,38.0,2022-11-28,0,SEDENTARIO,-1.0174562182271731,-0.4351942071314949,-33.569664,-12.494287
Usuario_10,2022_W49,0.059375,26.32990797546012,41.5392,50.0,2022-12-05,0,SEDENTARIO,-0.1677437882966622,-0.8629707801442787,0.340681,-8.798939
Usuario_10,2022_W50,0.04626068376068375,20.156134969325155,38.322116666666666,51.25,2022-12-12,0,SEDENTARIO,-0.32440802279330005,-1.2841945893474505,0.69556135,-10.772266
Usuario_10,2022_W51,0.11,27.13611963190184,37.408550000000005,46.0,2022-12-19,1,NO SEDENTARIO,0.036282519178030395,-0.5834657601064744,9.060474,-17.488932
Usuario_10,2022_W52,0.0666666666666666,13.316411042944788,37.15176666666667,51.0,2022-12-26,1,NO SEDENTARIO,-0.38848824575521784,-1.5231679552245858,1.3284676,-14.693444
Usuario_10,2023_W01,0.05,18.512806748466257,41.92146666666667,64.0,2023-01-02,1,NO SEDENTARIO,0.32756585354671636,-1.8370800068268163,4.0951533,-11.316154
Usuario_10,2023_W02,0.0630952380952381,19.66196319018405,39.3379,46.5,2023-01-09,0,SEDENTARIO,-0.5114866329380234,-1.0210961234631462,-4.2249165,-12.482429
Usuario_10,2023_W03,0.041346153846153796,17.8222009202454,44.265433333333334,45.0,2023-01-16,0,SEDENTARIO,-0.8761539624863459,-0.9949440784217316,-3.1073463,-11.287221
Usuario_10,2023_W04,0.05388888888888885,23.467484662576688,50.838387499999996,48.5,2023-01-23,0,SEDENTARIO,-0.5178391151281589,-0.7404219641654057,-2.429339,-8.237721
Usuario_10,2023_W05,0.0555555555555555,23.14792944785276,50.236700000000006,48.0,2023-01-31,0,SEDENTARIO,-0.5356871606821075,-0.738939564223692,-2.4456427,-8.524883
Usuario_10,2023_W06,0.056060606060606,20.58205521472393,49.1983,56.0,2023-02-07,1,NO SEDENTARIO,-0.1360528367251843,-1.2240521546145091,0.4360091,-11.861421
Usuario_10,2023_W07,0.06029914529914525,15.15103527607362,48.973533333333336,49.5,2023-02-13,0,SEDENTARIO,-0.6403850673515249,-1.1537645487715789,-1.337311,-11.791618
Usuario_10,2023_W08,0.055357142857142855,24.599194785276076,52.46275,48.2,2023-02-20,0,SEDENTARIO,-0.5151582309319128,-0.6414613147744115,-2.4460957,-7.647911
Usuario_10,2023_W09,0.03833333333333325,19.524578220858896,55.64098333333334,43.625,2023-02-27,0,SEDENTARIO,-1.095213433302413,-0.6358110795327363,-21.52281,-5.3603363
Usuario_10,2023_W10,0.05707070707070705,16.1711273006135,50.20737083333333,45.875,2023-03-06,0,SEDENTARIO,-0.8578084751919788,-0.9331803563666496,-20.237156,-7.679377
Usuario_10,2023_W11,0.0722222222222222,19.128527607361963,47.8973,37.5,2023-03-13,0,SEDENTARIO,-1.1094911087567092,-0.4369910869809941,-28.777048,-15.68807
Usuario_10,2023_W12,0.0522222222222222,10.621779141104296,49.68286666666667,28.0,2023-03-20,0,SEDENTARIO,-2.0749612381115607,-0.39329797588105125,-35.54713,-20.347815
Usuario_10,2023_W13,0.051388888888888845,9.771970858895706,45.469,31.75,2023-03-27,0,SEDENTARIO,-1.8281754326149384,-0.6861678290109621,-34.507957,-19.879246
Usuario_10,2023_W14,0.0692307692307692,20.72615030674847,45.6496,40.0,2023-04-03,0,SEDENTARIO,-0.9045758760197739,-0.5370330142569211,-25.343609,-13.166675
Usuario_10,2023_W15,0.05162037037037035,16.11391871165644,53.5938625,43.0,2023-04-10,0,SEDENTARIO,-1.1124978855688559,-0.7535279522087646,-21.899654,-6.969816
Usuario_10,2023_W16,0.0604166666666666,22.90314417177914,51.666250000000005,37.0,2023-04-17,0,SEDENTARIO,-1.1614001938072118,-0.21366136013247564,-30.464989,-10.735578
Usuario_10,2023_W17,0.08628472222222214,25.767369631901836,46.13875,42.5,2023-04-24,0,SEDENTARIO,-0.49937663355096107,-0.3754607663731789,-12.344346,-13.610461
Usuario_10,2023_W18,0.056617647058823495,15.339877300613496,53.81054,45.25,2023-05-01,0,SEDENTARIO,-0.9761064401163758,-0.8670316343276914,-20.856289,-7.260924
Usuario_10,2023_W19,0.0677083333333333,23.087576687116567,48.5912,35.0,2023-05-08,0,SEDENTARIO,-1.1741742675473492,-0.15822091936826876,-31.026384,-13.48126
Usuario_10,2023_W20,0.1489583333333333,22.929601226993867,48.6417,36.75,2023-05-15,0,SEDENTARIO,-0.5232694265280464,0.0025770910198460173,-9.500131,-31.630026
Usuario_10,2023_W21,0.0696386946386946,22.25977760736196,37.18176666666667,38.0,2023-05-22,0,SEDENTARIO,-0.8424601178884785,-0.5571571707761065,-26.46866,-18.894205
Usuario_10,2023_W22,0.0303030303030303,14.005291411042943,52.2246,30.5,2023-05-29,0,SEDENTARIO,-2.0176387844689194,-0.37623085998448996,-36.14733,-19.019981
Usuario_10,2023_W23,0.0305555555555555,15.042791411042945,65.308,42.25,2023-06-05,0,SEDENTARIO,-1.5083983602877342,-0.5861714262403804,-21.94982,-3.478353
Usuario_10,2023_W24,0.0797619047619047,22.852684049079755,44.458866666666665,48.5,2023-06-12,0,SEDENTARIO,-0.2633146968920925,-0.8203092374919569,-4.476188,-8.84573
Usuario_10,2023_W25,0.0961538461538461,15.44340490797546,61.054675,45.0,2023-06-19,0,SEDENTARIO,-0.825672907514037,-0.5826942794387782,-11.002549,-1.8550678
Usuario_10,2023_W26,0.15,18.05092024539877,51.49673333333333,39.5,2023-06-26,0,SEDENTARIO,-0.5492931088491765,-0.26305281462701235,-9.470978,-28.637613
Usuario_10,2023_W27,0.1214285714285714,20.04087423312884,45.1027,49.5,2023-07-03,1,NO SEDENTARIO,-0.015616374770853939,-0.8443801559242157,12.361189,-16.498104
Usuario_10,2023_W28,0.12166666666666665,21.577492331288347,49.538016666666664,46.75,2023-07-10,0,SEDENTARIO,-0.1917388385162025,-0.5645366908176721,-6.927513,-4.2123146
Usuario_10,2023_W29,0.0976190476190476,15.816411042944788,59.4573,37.5,2023-07-17,0,SEDENTARIO,-1.2098965065629095,-0.26062609460283903,-23.416698,4.935997
Usuario_10,2023_W30,0.1111805555555555,21.958128834355826,48.49411666666667,49.5,2023-07-24,1,NO SEDENTARIO,-0.0787719358675931,-0.724538559520645,-5.976189,-5.8204956
Usuario_10,2023_W31,0.1180555555555555,18.86027607361963,55.817800000000005,45.0,2023-07-31,0,SEDENTARIO,-0.49347660518148695,-0.48152061287857334,-8.519651,-2.540568
Usuario_10,2023_W32,0.125,26.068634969325156,56.45295,44.0,2023-08-07,0,SEDENTARIO,-0.2945471199254234,-0.099966402186491,-11.223593,5.963237
Usuario_10,2023_W33,0.13829365079365075,22.4652990797546,44.20646666666667,39.625,2023-08-14,0,SEDENTARIO,-0.37890164252271374,-0.2691809575194003,-9.026805,-30.481117
Usuario_10,2023_W34,0.12986111111111104,22.208282208588955,56.550325,42.5,2023-08-21,0,SEDENTARIO,-0.46552261887485613,-0.1785019788316805,-15.791765,5.4159136
Usuario_10,2023_W35,0.1077777777777777,22.013496932515334,61.14546666666666,47.5,2023-08-28,0,SEDENTARIO,-0.40536438161918553,-0.3814720375432274,-11.315247,1.3873266
Usuario_10,2023_W36,0.0694444444444444,14.298389570552146,51.325,41.0,2023-09-04,0,SEDENTARIO,-1.1258522371806359,-0.7337369343513582,-23.605547,-8.508956
Usuario_10,2023_W37,0.1444444444444444,18.44340490797546,47.6718,43.0,2023-09-11,0,SEDENTARIO,-0.31739795366168333,-0.49873289168518675,-8.222681,-28.004736
Usuario_10,2023_W38,0.1011904761904761,17.307438650306747,55.57185,38.5,2023-09-18,0,SEDENTARIO,-1.0245488117216621,-0.3122581359068922,-22.498951,4.858176
Usuario_10,2023_W39,0.0984210526315789,18.434240797546014,47.43560666666666,29.875,2023-09-25,0,SEDENTARIO,-1.3809613407232102,-0.05624425414181358,-32.27363,-23.223587
Usuario_10,2023_W40,0.1305555555555555,23.82415644171779,67.777125,43.0,2023-10-02,0,SEDENTARIO,-0.5521861838444507,0.10132376580026581,-11.529137,9.058454
Usuario_10,2023_W41,0.1369047619047619,21.35605828220859,49.672225,40.0,2023-10-09,0,SEDENTARIO,-0.48277758650825126,-0.22367765051086777,-10.187834,-28.16078
Usuario_10,2023_W42,0.12799145299145295,29.877722392638034,44.64425,50.875,2023-10-17,1,NO SEDENTARIO,0.4127732410976301,-0.4822503741790446,15.153547,-1.639878
Usuario_10,2023_W43,0.1166666666666666,41.3582055214724,56.67776666666666,48.0,2023-10-23,0,SEDENTARIO,0.33701776169330155,0.3432850162210602,8.071928,15.480737
Usuario_10,2023_W44,0.1303030303030303,41.9963190184049,59.36056666666667,41.0,2023-10-30,0,SEDENTARIO,0.008357473863522133,0.7793101944192125,3.475557,23.904442
Usuario_10,2023_W45,0.1321428571428571,41.74279141104295,49.001225,39.0,2023-11-06,0,SEDENTARIO,0.054639973467071515,0.6492935486933267,-0.7515466,23.607239
Usuario_10,2023_W46,0.1249554367201426,33.142331288343556,44.15135625,33.375,2023-11-13,0,SEDENTARIO,-0.5041314718859191,0.4172927113371511,-25.21639,28.516447
Usuario_10,2023_W47,0.1141025641025641,15.06871165644172,48.55096666666666,44.5,2023-11-20,0,SEDENTARIO,-0.5545896332448172,-0.7806659471207202,-6.8995857,-2.4671001
Usuario_10,2023_W48,0.0975,39.82277607361964,53.0556,44.4,2023-11-27,0,SEDENTARIO,0.007640276482237376,0.30698540303039806,3.5344121,15.448202
Usuario_10,2023_W49,0.1357142857142857,43.34670245398773,43.9888,35.0,2023-12-04,0,SEDENTARIO,-0.026025072125444082,0.8024451668905612,-1.3814592,24.951399
Usuario_10,2023_W50,0.1,25.395015337423317,49.97505,37.0,2023-12-11,0,SEDENTARIO,-0.7895317187057007,-0.02479986303306725,-20.871061,-15.622049
Usuario_10,2023_W51,0.0833333333333333,25.16441717791411,49.40485,40.5,2023-12-18,0,SEDENTARIO,-0.7015504111779042,-0.2527907236710475,-14.790264,-12.612189
Usuario_10,2023_W52,0.0638888888888888,42.29930981595092,58.12173333333333,43.75,2023-12-25,0,SEDENTARIO,-0.2609568003674039,0.44367137273475793,3.6922374,13.751575
Usuario_10,2024_W01,0.09113247863247856,23.210947085889572,46.9728,47.3125,2024-01-01,0,SEDENTARIO,-0.2804852058233788,-0.6659960252111039,-7.1031814,-8.179817
Usuario_10,2024_W02,0.1012820512820512,27.73006134969325,48.56431666666667,35.375,2024-01-08,0,SEDENTARIO,-0.7819076167798732,0.12057453081890385,-21.644346,-16.375675
Usuario_10,2024_W03,0.0953703703703703,26.438803680981597,54.71333333333333,40.75,2024-01-15,0,SEDENTARIO,-0.6461468547760676,-0.06440047832739004,-15.154664,-9.364225
Usuario_10,2024_W04,0.0888888888888888,22.56104294478528,60.6326,43.5,2024-01-22,0,SEDENTARIO,-0.7394895127396335,-0.2472515756672766,-13.554633,-0.7211612
Usuario_10,2024_W05,0.125,19.55935582822086,55.780240000000006,42.0,2024-01-29,0,SEDENTARIO,-0.5960432599286049,-0.29801516924770105,-16.642042,5.0628905
Usuario_10,2024_W06,0.1211111111111111,19.390107361963192,51.7982,43.75,2024-02-05,0,SEDENTARIO,-0.4676175058799361,-0.47735608026797677,-7.857037,-2.5305398
Usuario_10,2024_W07,0.1156862745098039,46.43673312883436,58.53586666666666,48.0,2024-02-12,0,SEDENTARIO,0.4560889097570658,0.5921267297420805,8.423126,16.63489
Usuario_10,2024_W08,0.1222222222222222,26.417868098159506,60.5819,38.25,2024-02-19,0,SEDENTARIO,-0.6944868662679118,0.2485863195260955,-18.324234,9.584723
Usuario_10,2024_W09,0.0728553921568627,41.478067484662574,62.367175,36.0,2024-02-26,0,SEDENTARIO,-0.7322448654465914,0.8701473792098899,-7.8766594,22.643938
Usuario_10,2024_W10,0.1519607843137254,30.12323619631902,56.792100000000005,44.0,2024-03-04,0,SEDENTARIO,0.00766316208436664,0.15854632145119224,-7.6241164,10.4650955
Usuario_10,2024_W11,0.0858974358974359,22.079677914110427,58.9278375,41.0,2024-03-11,0,SEDENTARIO,-0.8920786088144058,-0.20006179007859903,-25.099445,-1.0745189
Usuario_10,2024_W12,0.1088888888888888,38.25835889570552,58.55176666666667,37.0,2024-03-18,0,SEDENTARIO,-0.46834146858972414,0.7197615992324102,-5.0709753,23.462135
Usuario_10,2024_W13,0.0769230769230769,30.102684049079755,48.9437,38.0,2024-03-25,0,SEDENTARIO,-0.7321854449502286,0.03752378173409188,-28.832638,4.749643
Usuario_10,2024_W14,0.0866666666666666,17.76786809815951,56.314166666666665,46.5,2024-04-01,0,SEDENTARIO,-0.6629794639691468,-0.6786357684607802,-11.196006,-3.614973
Usuario_10,2024_W15,0.11464646464646461,20.584854294478532,52.608916666666666,45.625,2024-04-08,0,SEDENTARIO,-0.38050714962368504,-0.5136085792954893,-7.923136,-3.4444463
Usuario_10,2024_W16,0.1388888888888889,24.700153374233125,53.914275,40.0,2024-04-15,0,SEDENTARIO,-0.43180235586619103,0.010520840230610548,-15.658036,7.0474157
Usuario_10,2024_W17,0.1242424242424242,27.17668711656442,51.92671666666666,40.5,2024-04-22,0,SEDENTARIO,-0.39853737580587684,0.0070424454351679655,-14.431854,7.6271276
Usuario_10,2024_W18,0.0901960784313725,26.25364263803681,42.45115,41.5,2024-04-29,0,SEDENTARIO,-0.45965506837189163,-0.37485158715510386,-12.61034,-14.949008
Usuario_10,2024_W19,0.12638888888888886,44.82039877300613,57.52512916666667,40.5,2024-05-06,0,SEDENTARIO,0.06604596600113379,0.8705532584530233,3.6966856,25.728554
Usuario_10,2024_W20,0.1572916666666666,25.40069018404908,58.63375,34.0,2024-05-13,0,SEDENTARIO,-0.6993193620094821,0.46096652313584724,-19.344664,30.777313
Usuario_10,2024_W21,0.1211111111111111,22.37576687116564,47.7515,38.0,2024-05-20,0,SEDENTARIO,-0.6456724563220266,-0.1787587217046962,-18.204964,-17.250275
Usuario_10,2024_W22,0.0781162464985994,37.79248466257668,45.85398666666667,40.75,2024-05-28,0,SEDENTARIO,-0.287194060466378,0.17744831976356906,0.75415444,12.839368
Usuario_10,2024_W23,0.1088235294117647,53.54984662576687,63.04596,43.0,2024-06-03,0,SEDENTARIO,0.27017917180694123,1.1869361966091245,5.559689,27.193283
Usuario_10,2024_W24,0.0866666666666666,23.64302147239264,55.972,36.0,2024-06-10,0,SEDENTARIO,-1.0813872237538331,0.030152893938647243,-31.831339,-1.4552207
Usuario_10,2024_W25,0.0794871794871794,22.53504601226994,49.66915,36.5,2024-06-17,0,SEDENTARIO,-1.040574403449636,-0.19069144818778808,-28.146755,-13.571648
Usuario_10,2024_W26,0.0794871794871794,25.860582822085888,48.55095,35.0,2024-06-24,0,SEDENTARIO,-1.00898347827771,-0.007096140981733168,-29.763948,-12.825951
Usuario_10,2024_W27,0.1125,26.817868098159508,56.7732,43.0,2024-07-01,0,SEDENTARIO,-0.4195339955869873,-0.05482098699048307,-12.021179,5.318907
Usuario_10,2024_W28,0.0803921568627451,26.63926380368098,66.99655,39.5,2024-07-08,0,SEDENTARIO,-0.9990885668394931,0.20880415290620907,-26.654528,0.7380305
Usuario_10,2024_W29,0.0946969696969697,27.757055214723923,62.719237500000006,35.0,2024-07-15,0,SEDENTARIO,-1.060696972325915,0.41137754149717704,-32.4005,2.561299
Usuario_10,2024_W30,0.071875,22.382668711656443,51.665000000000006,38.5,2024-07-22,0,SEDENTARIO,-1.012780796768221,-0.2680689005034432,-28.488255,-10.485444
Usuario_10,2024_W31,0.1137254901960784,40.61817484662576,59.5751,39.25,2024-07-29,0,SEDENTARIO,-0.2503155533293023,0.7541201673888027,1.6949353,23.52842
Usuario_10,2024_W32,0.082051282051282,27.419708588957057,51.43675,42.0,2024-08-05,0,SEDENTARIO,-0.5867141101648573,-0.18688025686880583,-14.169353,-8.078498
Usuario_10,2024_W33,0.1444940476190476,38.742599693251535,52.7986375,44.510000000000005,2024-08-12,0,SEDENTARIO,0.3068122894745826,0.39282790784888016,12.183957,20.168793
Usuario_10,2024_W34,0.1323529411764706,47.56848159509202,56.75546666666667,41.0,2024-08-19,0,SEDENTARIO,0.2302938443834885,0.9657085565403007,6.3321686,30.088448
Usuario_10,2024_W35,0.0794871794871794,17.715720858895704,59.339,29.6481,2024-08-29,0,SEDENTARIO,-1.7244852831473785,0.1128879037718126,-36.155376,-6.9955797
Usuario_10,2024_W36,0.1133333333333333,36.707975460122704,59.542825,42.0,2024-09-02,0,SEDENTARIO,-0.21337723518267077,0.4651508402494556,2.153518,19.954662
Usuario_10,2024_W37,0.0794871794871794,30.406556748466254,54.1933,38.25,2024-09-09,0,SEDENTARIO,-0.7701258244243597,0.1554083316643837,-28.727457,3.8796656
Usuario_10,2024_W38,0.1155555555555555,31.998006134969323,45.0391,41.8125,2024-09-16,0,SEDENTARIO,-0.13319784295322865,-0.017618145428062823,-1.8425568,13.896051
Usuario_10,2024_W39,0.05541125541125535,19.118750000000002,63.18669166666666,44.52375,2024-09-23,0,SEDENTARIO,-1.052682477876669,-0.4855501799917128,-19.567585,-3.3681786
Usuario_10,2024_W40,0.09629120879120875,18.45122699386503,59.217637499999995,42.25,2024-09-30,0,SEDENTARIO,-0.8635390394095577,-0.3710630230025351,-11.494573,-1.0472012
Usuario_10,2024_W41,0.1294871794871795,18.35866564417178,55.96896666666667,39.5,2024-10-07,0,SEDENTARIO,-0.7477124538160331,-0.21937647001741425,-18.549492,5.5296183
Usuario_10,2024_W42,0.0846153846153846,23.409585889570558,47.80523333333334,41.0,2024-10-14,0,SEDENTARIO,-0.6931849743789492,-0.37807442264653685,-14.190103,-13.406088
Usuario_10,2024_W43,0.0794871794871794,27.11042944785276,57.17914,38.0,2024-10-21,0,SEDENTARIO,-0.9291739028509216,0.08984524414148046,-28.741266,2.5671413
Usuario_10,2024_W44,0.08563492063492059,33.390644171779144,54.585818333333336,40.625,2024-10-28,0,SEDENTARIO,-0.5075705671917891,0.2013114418802499,-7.516861,18.311716
Usuario_10,2024_W45,0.0859649122807017,51.97622699386503,57.341875,41.5,2024-11-04,0,SEDENTARIO,0.06599177033268415,1.001056815088781,6.2132616,25.656427
Usuario_10,2024_W46,0.1188492063492063,42.5954754601227,49.4226,39.0,2024-11-11,0,SEDENTARIO,-0.01689160938344131,0.6538181296489571,-0.85925186,23.408426
Usuario_10,2024_W47,0.134375,51.4840490797546,50.76575,40.0,2024-11-18,0,SEDENTARIO,0.395551094557076,1.057096352620212,9.060209,28.443626
Usuario_10,2024_W48,0.0818181818181818,37.62783742331288,65.30364,38.0,2024-11-25,0,SEDENTARIO,-0.7170920339214765,0.7067548805558515,-8.839133,21.459
Usuario_10,2024_W49,0.0901960784313725,29.60122699386503,57.61863333333334,26.5,2024-12-02,0,SEDENTARIO,-1.4457747052882983,0.7495152608865812,-36.36239,-0.76297724
Usuario_10,2024_W50,0.1244444444444444,30.11319018404908,54.087025,33.5,2024-12-09,0,SEDENTARIO,-0.741718301183432,0.4883872637446452,-22.907022,29.235432
Usuario_10,2024_W51,0.1235294117647058,36.24555214723926,51.057,39.0,2024-12-16,0,SEDENTARIO,-0.20169191586171784,0.4349260865771399,-2.055907,18.746796
Usuario_10,2024_W52,0.1166666666666666,23.22208588957055,48.376025,42.0,2024-12-23,0,SEDENTARIO,-0.4307616996883303,-0.32234257513917824,-12.729528,-11.588159
Usuario_10,2025_W01,0.1214285714285714,23.64716257668712,49.28366666666667,35.0,2024-12-30,0,SEDENTARIO,-0.7999049171344823,0.04130794978598132,-19.8158,-17.719143
Usuario_10,2025_W02,0.1084045584045584,36.861157975460124,52.6297,41.973600000000005,2025-01-08,0,SEDENTARIO,-0.13994211423152156,0.31495937502007004,0.27454513,15.998527
Usuario_10,2025_W03,0.0794871794871794,26.603220858895703,56.33931666666666,34.0,2025-01-13,0,SEDENTARIO,-1.1610029938095832,0.2298458339314267,-34.19455,-2.3934183
Usuario_10,2025_W04,0.1181818181818181,25.87162576687117,58.5411,52.0,2025-01-20,0,SEDENTARIO,0.0796124888061495,-0.44293792365988205,7.3278,1.164745
Usuario_10,2025_W05,0.090625,31.437806748466254,60.93925,45.5,2025-01-27,0,SEDENTARIO,-0.3489248514249564,0.047917981801130605,1.3913189,6.578189
Usuario_10,2025_W06,0.058948863636363605,27.69723926380368,58.810375,31.375,2025-02-03,0,SEDENTARIO,-1.4560290290490823,0.38235060350972006,-35.94536,-2.8101218
Usuario_10,2025_W07,0.07762237762237756,52.22212423312884,51.9503,43.25,2025-02-10,0,SEDENTARIO,0.19771275912978847,0.7966013383683483,6.5529747,24.705055
Usuario_10,2025_W08,0.1594444444444444,21.713228527607363,63.084424999999996,37.375,2025-02-17,0,SEDENTARIO,-0.6698905456236597,0.2538090603924676,-17.906754,28.98758
Usuario_2,2025_W02,0.14187499999999995,18.33007991838123,50.0563,40.5625,2025-01-07,0,SEDENTARIO,-0.5139241596185169,-0.35303185014874494,-9.269394,-28.18251
Usuario_2,2025_W03,0.1757575757575757,36.51399421867029,31.62945,31.0,2025-01-13,0,SEDENTARIO,-0.0018495104082008468,0.5589854492643846,-3.699825,-39.979774
Usuario_2,2025_W04,0.1551282051282051,28.586430879102192,36.47506666666667,48.5,2025-01-20,1,NO SEDENTARIO,0.5463685028867957,-0.5176771296077266,20.297817,-21.221409
Usuario_2,2025_W05,0.1245098039215686,32.74259479680327,51.4658,42.0,2025-01-27,0,SEDENTARIO,-0.135347663569918,0.16515217053119646,-2.2395883,16.005852
Usuario_2,2025_W06,0.1745098039215686,33.10736269341949,41.51593333333333,39.5,2025-02-03,1,NO SEDENTARIO,0.22453935078690257,0.23687741760823106,1.8762984,-36.88974
Usuario_2,2025_W07,0.1791666666666666,26.39795953069206,41.2386,39.5,2025-02-10,1,NO SEDENTARIO,0.05747002091707841,-0.03672447566085798,-0.28608733,-34.392284
Usuario_2,2025_W08,0.17812499999999995,37.900425097772484,42.1753375,36.72775,2025-02-17,0,SEDENTARIO,0.22567951611153952,0.5866035951798645,10.362194,-8.391347
Usuario_2,2025_W09,0.1892156862745098,39.31011732698521,40.744925,36.0,2025-02-24,0,SEDENTARIO,0.32412507248435884,0.682138102424392,10.328701,-8.613988
Usuario_3,2022_W25,0.052287581699346344,17.689784572619875,77.47291083333334,44.75,2022-06-25,0,SEDENTARIO,-1.3193919185656848,-0.26964006162091503,-21.325487,-1.2060136
Usuario_3,2022_W26,0.1552083333333333,36.44162612925643,65.02346,43.0,2022-06-27,0,SEDENTARIO,0.04000998805740806,0.6486801779934499,-0.6319254,28.974955
Usuario_3,2022_W27,0.1739583333333333,37.59826268241834,55.691500000000005,57.0,2022-07-04,1,NO SEDENTARIO,1.145738328103549,-0.06465794544552952,24.106777,7.3606563
Usuario_3,2022_W28,0.1591666666666666,50.072689367616405,40.86518,52.625,2022-07-11,1,NO SEDENTARIO,1.394694531650059,0.3037151727464052,26.54603,11.847875
Usuario_3,2022_W29,0.1625,44.33391243919389,56.1901,65.0,2022-07-18,1,NO SEDENTARIO,1.7219393385621298,-0.163206726045677,26.319775,6.722501
Usuario_3,2022_W30,0.1511111111111111,45.00646282140375,40.3418,58.0,2022-07-25,1,NO SEDENTARIO,1.5019215807999455,-0.1843037224453647,28.78329,7.270903
Usuario_3,2022_W31,0.1569444444444444,32.69110493398193,32.81693333333333,61.0,2022-08-01,1,NO SEDENTARIO,1.454108557135695,-0.9737841470923492,27.372221,-12.2635765
Usuario_3,2022_W32,0.1455555555555555,42.58575399583044,48.31355,57.0,2022-08-08,1,NO SEDENTARIO,1.2133421949289338,-0.09319373327313799,23.283504,8.196076
Usuario_3,2022_W33,0.1,36.38547602501737,48.503166666666665,58.0,2022-08-15,1,NO SEDENTARIO,0.7681993428441978,-0.5315576307419841,16.264088,2.2557425
Usuario_3,2022_W34,0.1911111111111111,43.02967338429465,40.2883,53.0,2022-08-22,1,NO SEDENTARIO,1.4303148510471415,0.07528670775128657,24.608059,15.863671
Usuario_3,2022_W35,0.2450980392156862,59.08728283530229,49.07482,49.5,2022-08-29,1,NO SEDENTARIO,1.9533029078057202,1.2504772442285557,14.26039,40.01776
Usuario_3,2022_W36,0.1784313725490196,52.42376650451703,50.7691,59.0,2022-09-05,1,NO SEDENTARIO,1.813836561255071,0.3805330276682078,27.040054,8.54719
Usuario_3,2022_W37,0.212037037037037,60.82744961779013,57.792633333333335,46.0,2022-09-12,1,NO SEDENTARIO,1.4479729447985665,1.5607109811332256,12.9795885,40.117867
Usuario_3,2022_W38,0.2355555555555555,46.22738012508687,45.86886666666667,56.0,2022-09-19,1,NO SEDENTARIO,1.9192165864787878,0.3248136045948249,31.122776,15.32015
Usuario_3,2022_W39,0.2422222222222222,61.99847116052815,51.398300000000006,50.0,2022-09-26,1,NO SEDENTARIO,2.0154185661989508,1.389846613507103,14.165511,40.17489
Usuario_3,2022_W40,0.1922222222222222,53.5772063933287,51.0282,59.5,2022-10-03,1,NO SEDENTARIO,1.9679032171226574,0.45352684216016254,27.105394,8.599541
Usuario_3,2022_W41,0.2130952380952381,49.18568450312717,35.927825,70.5,2022-10-10,1,NO SEDENTARIO,2.8351839169637265,-0.4718050196708459,37.970398,8.062233
Usuario_3,2022_W42,0.2166666666666666,46.25086865879083,30.71038,66.0,2022-10-17,1,NO SEDENTARIO,2.591558395647483,-0.49124506607907664,37.005314,8.356994
Usuario_3,2022_W43,0.2022222222222222,47.34649061848506,29.540575,60.0,2022-10-24,1,NO SEDENTARIO,2.1997817645613678,-0.2448673430821125,34.602512,9.341619
Usuario_3,2022_W44,0.1944444444444444,41.076094510076445,40.7116,59.5,2022-10-31,1,NO SEDENTARIO,1.7599294751828465,-0.2783543101230469,35.509113,10.252794
Usuario_3,2022_W45,0.0563492063492063,44.632383599722026,38.68572,58.0,2022-11-07,1,NO SEDENTARIO,0.8668143778375113,-0.519502839043964,28.555157,0.70698756
Usuario_3,2022_W46,0.2066666666666666,55.01792911744267,27.569,56.0,2022-11-14,1,NO SEDENTARIO,2.2630152520982842,0.2287163308841379,31.827665,12.211783
Usuario_3,2022_W47,0.1852941176470588,52.537109103544125,30.426866666666665,54.0,2022-11-21,1,NO SEDENTARIO,1.8840295706206396,0.20860075081574753,30.411009,12.196064
Usuario_3,2022_W48,0.15625,53.7630298818624,30.237525,64.5,2022-11-28,1,NO SEDENTARIO,2.326591305341896,-0.30026401756326476,33.116055,6.341982
Usuario_3,2022_W49,0.144047619047619,40.49041000694928,27.619940000000003,62.5,2022-12-05,1,NO SEDENTARIO,1.7660786272679698,-0.8594136385573563,34.891365,4.736466
Usuario_3,2022_W50,0.1869047619047619,38.92988186240445,27.29105,68.0,2022-12-12,1,NO SEDENTARIO,2.3322021370762025,-1.0484611363421719,36.45727,6.5627236
Usuario_3,2022_W51,0.0907407407407407,46.78651841556637,32.501866666666665,62.5,2022-12-19,1,NO SEDENTARIO,1.5182896494094067,-0.6543842197105889,30.25541,1.4182936
Usuario_3,2022_W52,0.092156862745098,60.8449617790132,31.7297,62.0,2022-12-26,1,NO SEDENTARIO,1.9365769547315033,-0.05311591253378543,31.10886,3.1207645
Usuario_3,2023_W01,0.0607142857142857,42.18353022932592,28.10285,63.0,2023-01-02,1,NO SEDENTARIO,1.268235683271014,-1.0514612994823942,29.303137,0.36114514
Usuario_3,2023_W02,0.1797619047619047,44.18776928422516,29.927016666666663,63.0,2023-01-09,1,NO SEDENTARIO,2.1164168478520127,-0.5711977356165969,35.182606,7.8053465
Usuario_3,2023_W03,0.1773809523809524,68.71271716469771,37.55573333333333,58.0,2023-01-16,1,NO SEDENTARIO,2.4413810754184624,0.8331252838656515,33.341324,12.794672
Usuario_3,2023_W04,0.209375,55.41598332175122,32.10536666666667,70.0,2023-01-23,1,NO SEDENTARIO,3.027227836082784,-0.277965857604319,38.40056,7.6885
Usuario_3,2023_W05,0.2226190476190476,49.12070882557331,34.279625,65.0,2023-01-30,1,NO SEDENTARIO,2.608189191135408,-0.23427180190869637,37.276417,8.828045
Usuario_3,2023_W06,0.24,55.92147324530925,33.87275,46.5,2023-02-06,1,NO SEDENTARIO,1.8795338125153445,0.9217401556388296,27.784037,19.030302
Usuario_3,2023_W07,0.1739583333333333,55.87546907574705,29.853250000000003,63.73,2023-02-13,1,NO SEDENTARIO,2.473448662646387,-0.13176320883092157,33.45757,7.369372
Usuario_3,2023_W08,0.1411764705882353,53.1408617095205,30.01,61.0,2023-02-20,1,NO SEDENTARIO,2.007517030004303,-0.22013640033265433,31.91441,6.3088384
Usuario_3,2023_W09,0.1880952380952381,64.82466990965948,32.89945,61.0,2023-02-27,1,NO SEDENTARIO,2.638937287629312,0.4717201894281324,33.461906,12.229632
Usuario_3,2023_W10,0.2346153846153846,48.47984711605282,28.29985,55.0,2023-03-06,1,NO SEDENTARIO,2.188127942407813,0.09794060728957865,31.503784,13.968953
Usuario_3,2023_W11,0.1777777777777777,53.3718554551772,37.298325,46.0,2023-03-13,1,NO SEDENTARIO,1.2961952873976776,0.7205130205287953,26.806707,16.648663
Usuario_3,2023_W12,0.19,43.49583043780403,33.925975,59.0,2023-03-20,1,NO SEDENTARIO,1.876252476564764,-0.3080704077601619,35.0957,9.664837
Usuario_3,2023_W13,0.1302083333333333,33.52473940236275,38.775975,56.5,2023-03-27,1,NO SEDENTARIO,0.9488761905574675,-0.6949835368005273,17.393654,-0.4012858
Usuario_3,2023_W14,0.1416666666666666,47.86692147324531,35.52473333333334,63.5,2023-04-03,1,NO SEDENTARIO,1.9114007701930738,-0.4378594929519097,32.035393,5.567039
Usuario_3,2023_W15,0.1130952380952381,68.35580264072273,31.262566666666668,80.0,2023-04-10,1,NO SEDENTARIO,3.3453437142628557,-0.48825096093539,33.73002,0.63621646
Usuario_3,2023_W16,0.1885416666666666,54.931202223766505,23.32225,58.0,2023-04-17,1,NO SEDENTARIO,2.31478748245349,-0.0066501726181501936,32.471176,10.790644
Usuario_3,2023_W17,0.1647058823529411,52.93439888811675,28.01833333333333,62.0,2023-04-24,1,NO SEDENTARIO,2.2495963153617295,-0.2438464509304916,32.94373,7.3677325
Usuario_3,2023_W18,0.1490196078431372,47.095552466990966,31.90116,61.0,2023-05-01,1,NO SEDENTARIO,1.8497265498574962,-0.41140013473755105,31.430706,6.5874305
Usuario_3,2023_W19,0.1880952380952381,64.98325225851286,31.55725,73.0,2023-05-08,1,NO SEDENTARIO,3.3512818930147135,-0.08541086168916313,39.095505,7.114987
Usuario_3,2023_W20,0.1637254901960784,47.03961084086171,25.206266666666664,58.0,2023-05-15,1,NO SEDENTARIO,1.877634851140072,-0.37393439930392747,32.59609,8.838558
Usuario_3,2023_W21,0.0972222222222222,37.53898540653232,26.15246666666667,58.5,2023-05-22,1,NO SEDENTARIO,1.1491484280968498,-0.9760273101357102,27.092493,-0.542923
Usuario_3,2023_W22,0.0880952380952381,28.55802640722724,28.6317,65.5,2023-05-29,1,NO SEDENTARIO,1.1784096140174931,-1.6422325273417113,27.928543,-3.0816367
Usuario_3,2023_W23,0.1020833333333333,53.917164697706745,21.004025,69.5,2023-06-05,1,NO SEDENTARIO,2.3858181789603856,-0.8711367619036561,32.9542,1.848825
Usuario_3,2023_W24,0.1027777777777777,41.37588603196664,30.1434,58.0,2023-06-12,1,NO SEDENTARIO,1.2146321718176474,-0.6932330310846948,27.302439,0.172154
Usuario_3,2023_W25,0.1656862745098039,45.63502432244614,27.1815,64.0,2023-06-19,1,NO SEDENTARIO,2.162476218532297,-0.6542114116679236,34.830696,6.5843253
Usuario_3,2023_W26,0.1666666666666666,38.13988881167477,30.48753333333333,49.25,2023-06-26,1,NO SEDENTARIO,1.0476598313355616,-0.23890582384636272,21.03695,-12.649868
Usuario_3,2023_W27,0.1725490196078431,51.66865879082696,25.64455,48.0,2023-07-03,1,NO SEDENTARIO,1.4987975463468,0.3028659399368766,27.575912,14.980859
Usuario_3,2023_W28,0.0939393939393939,30.97095205003475,28.559680000000004,59.0,2023-07-10,1,NO SEDENTARIO,0.9202402488815716,-1.2344037918539041,26.434837,-2.596273
Usuario_3,2023_W29,0.1733333333333333,48.24183460736623,34.851325,57.0,2023-07-17,1,NO SEDENTARIO,1.7773557051060294,-0.05036577864261362,30.504074,9.307902
Usuario_3,2023_W30,0.146875,45.37887421820709,34.9111825,59.5,2023-07-24,1,NO SEDENTARIO,1.65185190776424,-0.36072363405928043,30.149439,6.6448865
Usuario_3,2023_W31,0.17549019607843136,51.95,32.15090666666667,52.75,2023-07-31,1,NO SEDENTARIO,1.7015939624416354,0.2459166322569376,29.399284,12.271234
Usuario_3,2023_W32,0.0794871794871794,31.47810979847116,36.536925,58.0,2023-08-07,1,NO SEDENTARIO,0.6593138866405163,-1.0469500590177696,25.458612,-2.2109861
Usuario_3,2023_W33,0.0571428571428571,28.4550382209868,33.19981666666667,50.0,2023-08-14,1,NO SEDENTARIO,0.006829993326954012,-0.9528733725614187,1.4901104,-9.02311
Usuario_3,2023_W34,0.15,42.51514940931202,32.67718,42.5,2023-08-21,1,NO SEDENTARIO,0.6464370523871322,0.24155039590587035,20.717539,19.200806
Usuario_3,2023_W35,0.1813725490196078,47.95656706045865,31.6018,70.5,2023-08-28,1,NO SEDENTARIO,2.645921995655307,-0.7083962988312136,37.489395,6.7974353
Usuario_3,2023_W36,0.2,89.43502432244614,33.7526,58.0,2023-09-04,1,NO SEDENTARIO,3.2808194250386533,1.693166202878229,34.242874,13.761618
Usuario_3,2023_W37,0.1922222222222222,55.36219596942321,27.84283333333333,57.0,2023-09-11,1,NO SEDENTARIO,2.2277128918041154,0.16069584702271467,31.994589,11.362454
Usuario_3,2023_W38,0.115,46.99965253648367,40.991825,40.0,2023-09-18,0,SEDENTARIO,0.27426301271433917,0.6082385274872071,11.759268,26.610384
Usuario_3,2023_W39,0.1152173913043478,45.63189715079917,45.4048,50.0,2023-09-25,1,NO SEDENTARIO,0.7407079022679659,0.19599790965974873,18.7973,10.424032
Usuario_3,2023_W40,0.1245098039215686,42.24120917303683,36.8807,59.75,2023-10-02,1,NO SEDENTARIO,1.388432640009866,-0.5303019056761795,29.021568,5.624797
Usuario_3,2023_W41,0.1373015873015873,39.826268241834605,35.59195,59.0,2023-10-09,1,NO SEDENTARIO,1.3793284142882338,-0.5864085449296741,28.99475,5.9231076
Usuario_3,2023_W42,0.1364583333333333,53.69520500347463,36.4619,61.0,2023-10-16,1,NO SEDENTARIO,1.8948920958071693,-0.0776160664996772,31.168343,5.400594
Usuario_3,2023_W43,0.1654761904761904,61.12460041695622,36.00584,55.0,2023-10-23,1,NO SEDENTARIO,1.981651955952573,0.5804462944091855,30.506544,11.156022
Usuario_3,2023_W44,0.1284313725490196,52.16810284920083,36.49435,61.0,2023-10-30,1,NO SEDENTARIO,1.7932217856484083,-0.16526456792825758,30.937714,5.106824
Usuario_3,2023_W45,0.1598039215686274,58.41021542738013,31.165,59.0,2023-11-06,1,NO SEDENTARIO,2.1626194819860216,0.17054052468783415,31.351562,10.08251
Usuario_3,2023_W46,0.1477272727272727,57.22334954829743,31.2675,54.5,2023-11-13,1,NO SEDENTARIO,1.7847192311026796,0.2874588873876959,29.7783,10.844065
Usuario_3,2023_W47,0.1241666666666666,46.41626129256428,39.65878,54.0,2023-11-20,1,NO SEDENTARIO,1.1413159653804528,-0.041623451243230004,22.701612,10.184675
Usuario_3,2023_W48,0.1979166666666666,46.50945100764419,42.6059,47.0,2023-11-27,1,NO SEDENTARIO,1.2036978679524664,0.5579162084520228,25.56084,18.734789
Usuario_3,2023_W49,0.1411764705882353,45.13154968728284,31.52102,52.0,2023-12-04,1,NO SEDENTARIO,1.2267912290995207,-0.12335711948700602,24.778614,12.68015
Usuario_3,2023_W50,0.059375,26.845170257123005,35.353325,56.0,2023-12-11,1,NO SEDENTARIO,0.2846309828788993,-1.2372712085711053,2.796756,-9.73982
Usuario_3,2023_W51,0.075,27.84892286309937,35.862750000000005,52.0,2023-12-18,1,NO SEDENTARIO,0.18520101074288098,-0.9588551525664661,1.7108012,-8.937201
Usuario_3,2023_W52,0.0333333333333333,33.16038915913829,40.013333333333335,54.5,2023-12-25,1,NO SEDENTARIO,0.14149140743565325,-0.8869556805728875,3.0135884,-8.913442
Usuario_3,2024_W01,0.1666666666666666,52.96997915218901,34.706975,52.5,2024-01-01,1,NO SEDENTARIO,1.6192788554423105,0.32624002849912886,28.73093,12.087992
Usuario_3,2024_W02,0.221875,45.13488533703961,28.399100000000004,48.0,2024-01-08,1,NO SEDENTARIO,1.5972016979447206,0.23379945246364364,27.733952,18.287731
Usuario_3,2024_W03,0.1631578947368421,39.940097289784575,36.1804,47.0,2024-01-15,1,NO SEDENTARIO,0.8635792741744441,0.04440651357917927,21.706722,17.561592
Usuario_3,2024_W04,0.0884615384615384,39.2318276580959,37.99912,47.0,2024-01-22,0,SEDENTARIO,0.30341691715684765,-0.17257312824043794,13.785137,8.356299
Usuario_3,2024_W05,0.1166666666666666,40.26650451702571,42.61725,48.0,2024-01-29,1,NO SEDENTARIO,0.5155942180046237,0.006632642113584872,14.872315,11.454632
Usuario_3,2024_W06,0.1363636363636363,51.0464211257818,34.8258,51.0,2024-02-05,1,NO SEDENTARIO,1.2658938354267815,0.22367493615010314,24.630867,11.7975445
Usuario_3,2024_W07,0.1484126984126984,46.16136205698402,36.035275,52.0,2024-02-12,1,NO SEDENTARIO,1.239560166115943,0.0350492617622476,25.41658,12.236934
Usuario_3,2024_W08,0.1563492063492063,37.03036831132731,27.71956,51.0,2024-02-19,1,NO SEDENTARIO,1.085338518394329,-0.45199237630385164,21.11436,-13.310312
Usuario_3,2024_W09,0.1555555555555555,45.43252258512856,34.27396666666667,46.0,2024-02-26,1,NO SEDENTARIO,0.9492313576351427,0.25752037983249376,21.5219,18.867413
Usuario_3,2024_W10,0.1611111111111111,38.01612230715775,41.54293333333333,40.0,2024-03-04,0,SEDENTARIO,0.3096587916562241,0.38100363027148254,10.571933,-7.415714
Usuario_3,2024_W11,0.1645833333333333,38.301598332175125,38.85876,48.0,2024-03-11,1,NO SEDENTARIO,0.8406989428267623,-0.009419775051408688,22.09567,16.84151
Usuario_3,2024_W12,0.1535714285714285,37.51000694927033,34.32585,44.5,2024-03-18,1,NO SEDENTARIO,0.6091010162852635,-0.013224644350750256,20.727644,17.923561
Usuario_3,2024_W13,0.1541666666666666,31.72981236970118,36.470125,54.0,2024-03-25,1,NO SEDENTARIO,0.9500560848945906,-0.6342929669778743,22.350075,-15.8302765
Usuario_3,2024_W14,0.0983333333333333,21.99367616400278,32.42913333333333,54.0,2024-04-01,1,NO SEDENTARIO,0.33390624718183404,-1.2949695800020664,5.2320194,-16.6965
Usuario_3,2024_W15,0.1510416666666666,35.83314801945796,37.7256,54.0,2024-04-08,1,NO SEDENTARIO,1.033992866409965,-0.4453403881054867,22.390064,-14.927132
Usuario_3,2024_W16,0.1885416666666666,39.81612230715774,23.49246666666666,62.5,2024-04-15,1,NO SEDENTARIO,2.112379516742567,-0.8391760961446928,35.62352,7.40787
Usuario_3,2024_W17,0.16875,42.983391243919385,29.4922,46.0,2024-04-22,1,NO SEDENTARIO,1.0373813251429929,0.09544776483203612,22.109718,18.657766
Usuario_3,2024_W18,0.1078431372549019,49.250660180681024,33.8705,52.0,2024-04-29,1,NO SEDENTARIO,1.0879434618993078,-0.002043682944564487,23.46605,11.239426
Usuario_3,2024_W19,0.1,47.86435024322447,28.5065,65.0,2024-05-06,1,NO SEDENTARIO,1.8176372035013884,-0.7755331952519027,31.4936,1.5970435
Usuario_3,2024_W20,0.19,46.32147324530925,30.576933333333333,61.0,2024-05-13,1,NO SEDENTARIO,2.126760916516798,-0.347957118125279,34.90427,8.784273
Usuario_3,2024_W21,0.124074074074074,24.70958999305073,31.2689,68.0,2024-05-20,1,NO SEDENTARIO,1.4117030411332556,-1.7527552977148841,28.458826,-3.629124
Usuario_3,2024_W22,0.1941176470588235,47.53968033356498,27.75666,59.0,2024-05-27,1,NO SEDENTARIO,2.1197207449888937,-0.2533692443925198,34.02058,9.495717
Usuario_3,2024_W23,0.0490196078431372,27.24593467685893,37.2078,43.0,2024-06-03,0,SEDENTARIO,-0.5466581188096107,-0.6325459237576108,-5.3453503,-14.45598
Usuario_3,2024_W24,0.1922222222222222,45.20646282140376,28.240525,65.5,2024-06-10,1,NO SEDENTARIO,2.401136163427392,-0.6374461103235043,36.28026,7.668065
Usuario_3,2024_W25,0.192156862745098,58.60104239054899,28.10536666666667,55.0,2024-06-17,1,NO SEDENTARIO,2.2068110144163247,0.3913421347064514,31.480207,11.828259
Usuario_3,2024_W26,0.1958333333333333,50.76101459346769,29.582125,69.0,2024-06-24,1,NO SEDENTARIO,2.774299182656155,-0.5218101242671935,37.61032,7.451253
Usuario_3,2024_W27,0.1265151515151515,56.05274496177901,33.6617,64.0,2024-07-01,1,NO SEDENTARIO,2.1121791458720227,-0.200417244402474,31.600647,4.309882
Usuario_3,2024_W28,0.1078431372549019,55.32265462126477,32.48231666666667,56.0,2024-07-08,1,NO SEDENTARIO,1.5217769080915022,0.04567263095059371,29.37982,3.86943
Usuario_3,2024_W29,0.0984126984126984,55.05740097289784,32.632775,61.5,2024-07-15,1,NO SEDENTARIO,1.7619560793324218,-0.23642843129026106,30.59049,3.048755
Usuario_3,2024_W30,0.1677083333333333,41.81917998610146,34.9336375,48.0,2024-07-22,1,NO SEDENTARIO,1.0276617675152828,0.06659560815216348,22.368883,17.66848
Usuario_3,2024_W31,0.146078431372549,47.479360667129946,36.71355,51.0,2024-07-29,1,NO SEDENTARIO,1.1959947944043228,0.14209353262461055,25.221207,12.290373
Usuario_3,2024_W32,0.1711111111111111,39.58429464906185,40.01669999999999,51.75,2024-08-05,1,NO SEDENTARIO,1.1215847448919405,-0.07944463288982542,23.5724,15.987859
Usuario_3,2024_W33,0.1362745098039215,46.4455872133426,33.3877,49.0,2024-08-12,1,NO SEDENTARIO,1.0330845097225099,0.08970870661664018,23.983019,12.924995
Usuario_3,2024_W34,0.1133333333333333,46.61945795691453,30.349500000000003,50.5,2024-08-19,1,NO SEDENTARIO,1.0129469207643063,-0.101877030157128,23.316315,12.0556345
Usuario_3,2024_W35,0.1523809523809524,39.18992355802641,30.948975,61.0,2024-08-26,1,NO SEDENTARIO,1.6477308753369981,-0.7531154643408169,35.088898,5.264429
Usuario_3,2024_W36,0.0794871794871794,30.881306462821403,36.86976666666666,60.0,2024-09-02,1,NO SEDENTARIO,0.7507933962958038,-1.1544794009622568,25.640991,-2.272118
Usuario_3,2024_W37,0.1357142857142857,42.31507991660876,29.049766666666667,65.0,2024-09-09,1,NO SEDENTARIO,1.8859478330398307,-0.8899404622057043,34.43526,3.968626
Usuario_3,2024_W38,0.1455555555555555,52.46233495482974,22.5404,65.5,2024-09-16,1,NO SEDENTARIO,2.3871321500471927,-0.5909550524880718,33.40844,5.200297
Usuario_3,2024_W39,0.0909722222222222,61.57109103544128,30.879216666666665,64.5,2024-09-23,1,NO SEDENTARIO,2.106447395811859,-0.15543762802697664,31.607521,2.8743165
Usuario_3,2024_W40,0.0880952380952381,34.27831827658096,31.47106,73.5,2024-09-30,1,NO SEDENTARIO,1.7670800783326848,-1.7005407376958728,29.577879,-2.507421
Usuario_3,2024_W41,0.0920289855072463,51.85934676858929,35.07225,65.0,2024-10-07,1,NO SEDENTARIO,1.78519413888651,-0.4958966282527705,30.953093,2.0627046
Usuario_3,2024_W42,0.1208333333333333,40.5681723419041,18.59125,68.0,2024-10-14,1,NO SEDENTARIO,2.0604395796347457,-1.358427486010961,34.996315,2.4643555
Usuario_3,2024_W43,0.1427083333333333,43.171369006254345,21.57353333333333,68.0,2024-10-21,1,NO SEDENTARIO,2.244111755432049,-1.121538300966224,35.41833,3.2277408
Usuario_3,2024_W44,0.1427536231884058,44.238082001389856,27.6604,68.5,2024-10-28,1,NO SEDENTARIO,2.2137407223664547,-0.9730378508998005,35.2601,3.7423193
Usuario_3,2024_W45,0.1303921568627451,39.97574704656011,30.0197,67.0,2024-11-04,1,NO SEDENTARIO,1.878650922825526,-1.0735229185714612,34.656013,3.3869503
Usuario_3,2024_W46,0.1189393939393939,44.529951355107706,23.77455,66.0,2024-11-11,1,NO SEDENTARIO,1.974842959979418,-1.001145795239431,34.148357,2.839414
Usuario_3,2024_W47,0.1579365079365079,49.635649756775535,53.4164,68.5,2024-11-18,1,NO SEDENTARIO,2.093427994138142,-0.1679066458671007,26.479382,6.6069174
Usuario_3,2024_W48,0.1733333333333333,67.4948575399583,23.065075,63.0,2024-11-25,1,NO SEDENTARIO,2.8812961388049825,0.2467453455608314,34.151524,12.083404
Usuario_3,2024_W49,0.1509803921568627,51.521542738012506,27.970375,66.5,2024-12-02,1,NO SEDENTARIO,2.3713379908048355,-0.5465239186027283,33.59026,5.6356134
Usuario_3,2024_W50,0.1297101449275362,59.26170952050034,30.3094,63.5,2024-12-09,1,NO SEDENTARIO,2.253017051225445,-0.1029757797451401,31.964773,4.2035155
Usuario_3,2024_W51,0.0968253968253968,55.95545517720639,25.922025,73.0,2024-12-16,1,NO SEDENTARIO,2.5379852054483036,-0.8559622247552823,33.087074,1.3446718
Usuario_3,2024_W52,0.0381944444444444,24.268450312717167,38.77376666666667,63.5,2024-12-23,1,NO SEDENTARIO,0.43973463863524215,-1.673564713876808,3.9722772,-11.021473
Usuario_3,2025_W01,0.0326388888888888,25.598054204308543,34.4669,58.75,2024-12-30,1,NO SEDENTARIO,0.23470651989508085,-1.5113159226370017,3.1996562,-10.646761
Usuario_3,2025_W02,0.0166666666666666,21.345795691452395,42.07183333333334,55.0,2025-01-06,0,SEDENTARIO,-0.33262569414991555,-1.4132540645319924,1.9800168,-11.297767
Usuario_3,2025_W03,0.1325757575757575,53.13759555246699,23.0267,58.0,2025-01-13,1,NO SEDENTARIO,1.881811791087419,-0.2565750132607244,31.43981,7.7935553
Usuario_3,2025_W04,0.1677083333333333,52.10694927032661,20.64434,57.5,2025-01-20,1,NO SEDENTARIO,2.0983334517407553,-0.22106164571887674,32.383553,9.613512
Usuario_3,2025_W05,0.0883333333333333,45.13898540653231,26.06216,55.0,2025-01-27,1,NO SEDENTARIO,1.119267638199985,-0.5290065016305254,27.216358,0.83624065
Usuario_3,2025_W06,0.0966666666666666,25.076025017373176,25.7276,53.0,2025-02-03,1,NO SEDENTARIO,0.4594002319873797,-1.2644121594920454,5.435971,-16.717365
Usuario_3,2025_W07,0.1380952380952381,47.9726893676164,37.307625,54.0,2025-02-10,1,NO SEDENTARIO,1.3191737244890376,0.017067675795814988,25.129986,11.117458
Usuario_3,2025_W08,0.0262711864406779,19.668241834607368,31.595366666666667,58.5,2025-02-17,1,NO SEDENTARIO,0.04049441094845217,-1.827832078783276,3.005401,-11.279758
Usuario_3,2025_W09,0.06507936507936506,35.470743571924956,59.937804166666666,40.5,2025-02-24,0,SEDENTARIO,-0.6730266955414405,0.34309934349025456,-7.4201775,19.511923
Usuario_4,2024_W45,0.1388888888888889,4.462244389027431,22.4411,45.5,2024-11-10,1,NO SEDENTARIO,-0.2557526039884473,-1.7363203299126715,15.16091,-38.178577
Usuario_4,2024_W46,0.2141025641025641,20.84638403990025,37.599325,50.0,2024-11-11,1,NO SEDENTARIO,0.7847585791197594,-0.7091020110297153,25.66108,-31.775303
Usuario_4,2024_W47,0.269047619047619,21.44209476309227,32.83526666666666,36.0,2024-11-18,1,NO SEDENTARIO,0.448734301538171,0.00815922184934896,1.6545515,-45.64272
Usuario_4,2024_W48,0.153125,17.901745635910224,44.64074,41.0,2024-11-25,0,SEDENTARIO,-0.3433082199081026,-0.4687075748420924,-7.996787,-29.149107
Usuario_4,2024_W49,0.253125,19.6942144638404,38.5866,50.0,2024-12-02,1,NO SEDENTARIO,1.0021522289795277,-0.619632902549301,28.94625,-32.94647
Usuario_4,2024_W50,0.2,22.384389027431425,34.99583333333333,53.0,2024-12-09,1,NO SEDENTARIO,0.9458003203782673,-0.8747860785738066,24.238163,-32.798397
Usuario_4,2024_W51,0.1483333333333333,15.305386533665835,37.001266666666666,51.0,2024-12-16,1,NO SEDENTARIO,0.2330544148226077,-1.1969005524934901,15.254601,-30.633968
Usuario_4,2024_W52,0.1244444444444444,13.715461346633417,42.789480000000005,48.5,2024-12-23,1,NO SEDENTARIO,-0.20893036582201796,-1.1042234587708066,10.326024,-24.236414
Usuario_4,2025_W01,0.125,13.137157107231918,27.18393333333333,48.0,2024-12-30,1,NO SEDENTARIO,-0.016392773657044918,-1.4272522306301652,5.4633183,-21.128693
Usuario_4,2025_W02,0.1178571428571428,14.206832917705734,28.43763333333333,50.0,2025-01-06,1,NO SEDENTARIO,0.06278073534216631,-1.4672231158017097,5.5678644,-20.647552
Usuario_4,2025_W03,0.2,26.791571072319204,43.08813333333333,46.0,2025-01-13,1,NO SEDENTARIO,0.5564769674760313,-0.20958147895877344,24.657309,-26.619604
Usuario_4,2025_W04,0.1333333333333333,30.21960099750624,44.15154,53.5,2025-01-20,1,NO SEDENTARIO,0.6174640191328621,-0.5792554284038057,15.745632,-1.4888277
Usuario_4,2025_W05,0.1611111111111111,27.52773067331671,36.00772499999999,45.0,2025-01-27,1,NO SEDENTARIO,0.3618332916672543,-0.3974694120660164,5.2833695,-32.792953
Usuario_4,2025_W06,0.1305555555555555,27.770224438902744,35.77636666666667,48.0,2025-02-03,1,NO SEDENTARIO,0.3353192843110962,-0.6180473048044524,10.600129,-18.590487
Usuario_4,2025_W07,0.09409722222222215,19.915211970074814,51.5067,46.5,2025-02-10,0,SEDENTARIO,-0.4747450178700324,-0.6654765581788176,-8.950902,-5.372618
Usuario_5,2024_W45,0.1388888888888889,6.681702763256161,22.4411,45.5,2024-11-10,1,NO SEDENTARIO,-0.1885599403526454,-1.6430737800613533,15.008444,-38.19191
Usuario_5,2024_W46,0.2141025641025641,31.2150858849888,37.599325,50.0,2024-11-11,1,NO SEDENTARIO,1.098664306529069,-0.2734796606770137,28.870995,-26.114878
Usuario_5,2024_W47,0.269047619047619,32.10709484690067,32.83526666666666,36.0,2024-11-18,1,NO SEDENTARIO,0.7716102660654005,0.45623000953633913,3.8730214,-45.105366
Usuario_5,2024_W48,0.153125,26.805825242718445,44.64074,41.0,2024-11-25,0,SEDENTARIO,-0.07374298140049781,-0.09461869235747597,-2.0591617,-31.93006
Usuario_5,2024_W49,0.253125,29.4898431665422,38.5866,50.0,2024-12-02,1,NO SEDENTARIO,1.2987085384667798,-0.20808718907364265,31.81077,-31.091146
Usuario_5,2024_W50,0.2,33.51807318894698,34.99583333333333,53.0,2024-12-09,1,NO SEDENTARIO,1.2828653915589503,-0.4070243727223222,28.552034,-22.756323
Usuario_5,2024_W51,0.1483333333333333,22.918073188946973,37.001266666666666,51.0,2024-12-16,1,NO SEDENTARIO,0.4635235687984364,-0.8770672211065855,16.849777,-17.17094
Usuario_5,2024_W52,0.1244444444444444,20.537341299477223,42.789480000000005,48.5,2024-12-23,1,NO SEDENTARIO,-0.002402372164762162,-0.8176144479919443,12.496987,-16.981625
Usuario_5,2025_W01,0.125,19.67139656460045,27.18393333333333,48.0,2024-12-30,1,NO SEDENTARIO,0.18142709044710675,-1.1527279176821028,6.292115,-19.755795
Usuario_5,2025_W02,0.1178571428571428,21.2731142643764,28.43763333333333,50.0,2025-01-06,1,NO SEDENTARIO,0.27670782277753175,-1.1703460202424205,6.2653913,-19.083693
Usuario_5,2025_W03,0.2,40.11732636295744,43.08813333333333,46.0,2025-01-13,1,NO SEDENTARIO,0.9599055711992327,0.350276150922106,24.822365,18.619019
Usuario_5,2025_W04,0.1333333333333333,45.25041075429425,44.15154,53.5,2025-01-20,1,NO SEDENTARIO,1.0725120416093148,0.05223699676008833,21.562862,9.837494
Usuario_5,2025_W05,0.1611111111111111,41.21964152352502,36.00772499999999,45.0,2025-01-27,1,NO SEDENTARIO,0.7763470176158819,0.17777158478188382,21.073938,18.30794
Usuario_5,2025_W06,0.1305555555555555,41.58274831964152,35.77636666666667,48.0,2025-02-03,1,NO SEDENTARIO,0.7534844915781531,-0.03773896851253768,22.356665,13.815433
Usuario_5,2025_W07,0.09409722222222215,29.820761762509335,51.5067,46.5,2025-02-10,0,SEDENTARIO,-0.17486091864152942,-0.24931270791245003,4.455567,5.8968554
Usuario_6,2019_W18,0.26875,10.610255102040815,23.0545,27.560000000000002,2019-05-05,1,NO SEDENTARIO,-0.21744871939631766,-0.27308196277440566,-0.9174363,-46.385025
Usuario_6,2019_W19,0.1535714285714285,24.414591836734694,32.6257,47.0,2019-05-06,1,NO SEDENTARIO,0.3814312745803246,-0.7102399228781902,14.916368,-23.18818
Usuario_6,2019_W20,0.1653846153846153,19.929897959183677,31.8968375,34.0,2019-05-13,0,SEDENTARIO,-0.40712106906688217,-0.2974671338952894,-8.858699,-37.928574
Usuario_6,2019_W21,0.1535714285714285,24.31387755102041,34.9413,34.939899999999994,2019-05-20,0,SEDENTARIO,-0.3472546433504751,-0.12786205195204134,-6.3888927,-36.157227
Usuario_6,2019_W22,0.1433333333333333,23.725663265306125,33.169025,33.0,2019-05-27,0,SEDENTARIO,-0.5195887781834448,-0.13338942600914358,-7.1990013,-36.479733
Usuario_6,2019_W23,0.18041958041958034,16.162627551020407,33.94583333333333,48.5,2019-06-03,1,NO SEDENTARIO,0.3814500340792936,-1.0158210778802295,17.417484,-33.681072
Usuario_6,2019_W24,0.1653846153846153,17.995255102040815,22.94333333333333,35.0,2019-06-10,1,NO SEDENTARIO,-0.27365206329555425,-0.6085853359010889,-9.077885,-39.083057
Usuario_6,2019_W25,0.1954545454545454,22.811632653061228,27.78773333333333,30.0,2019-06-17,0,SEDENTARIO,-0.2812970283491012,0.007812079492609328,-2.5612676,-43.006214
Usuario_6,2019_W26,0.1535714285714285,22.75494897959184,35.73076666666667,39.0,2019-06-24,1,NO SEDENTARIO,-0.17377615203848487,-0.35839375072212176,-3.031171,-34.20551
Usuario_6,2019_W27,0.1484523809523809,26.6740306122449,30.4298,37.375,2019-07-01,1,NO SEDENTARIO,-0.10346366791489245,-0.24619044467282006,-4.2065964,-35.70933
Usuario_6,2019_W28,0.1433333333333333,24.85867346938776,26.799666666666667,36.375,2019-07-08,1,NO SEDENTARIO,-0.19610650899048604,-0.36827315915402004,-5.0039897,-35.782753
Usuario_6,2019_W29,0.1653846153846153,32.05280612244898,30.166075,38.0,2019-07-15,1,NO SEDENTARIO,0.21505607957241119,-0.0026174716053012775,-0.69750476,-37.52834
Usuario_6,2019_W30,0.2388888888888889,14.57280612244898,27.46175,37.0,2019-07-22,1,NO SEDENTARIO,0.17247064504140142,-0.5270190550948881,0.7458968,-46.435898
Usuario_6,2019_W31,0.1954545454545454,21.30984693877551,30.5138,27.0,2019-07-29,0,SEDENTARIO,-0.5396285579142962,0.13510409690010045,-2.9049053,-43.269707
Usuario_6,2019_W32,0.1653846153846153,21.29045918367347,33.952616666666664,44.75,2019-08-05,1,NO SEDENTARIO,0.21887103937633423,-0.6779883341758186,9.863835,-30.775904
Usuario_6,2019_W33,0.1791666666666666,20.159540816326533,32.3578,43.5,2019-08-12,1,NO SEDENTARIO,0.2313862130067293,-0.6611633440370863,9.806998,-32.90306
Usuario_6,2019_W34,0.1653846153846153,26.580994897959183,27.738774999999997,42.5,2019-08-20,1,NO SEDENTARIO,0.34368744521569716,-0.4837182357647429,6.115985,-31.625025
Usuario_6,2019_W35,0.1543589743589743,29.51841836734694,40.4548875,33.125,2019-08-27,0,SEDENTARIO,-0.3712398678010087,0.2882656620281614,-5.4944625,-38.82512
Usuario_6,2019_W36,0.2388888888888889,15.883673469387755,28.52713333333333,31.0,2019-09-02,1,NO SEDENTARIO,-0.147549928539156,-0.18189431976688286,-0.41771752,-45.771694
Usuario_6,2019_W37,0.1954545454545454,24.004719387755102,30.917075,30.0,2019-09-09,0,SEDENTARIO,-0.292277303022186,0.12265560393638003,-2.371008,-42.79909
Usuario_6,2019_W38,0.1791666666666666,24.44091836734694,35.6441,33.0,2019-09-16,0,SEDENTARIO,-0.2898846860183337,0.055706265936116356,-2.505596,-41.141937
Usuario_6,2019_W39,0.16401709401709394,26.97176020408163,36.0138125,39.0,2019-09-23,1,NO SEDENTARIO,0.021132418692168434,-0.14393687005874906,-0.69627476,-35.58681
Usuario_6,2019_W40,0.1933333333333333,30.26673469387755,41.5667,45.25,2019-09-30,1,NO SEDENTARIO,0.5959879907207739,-0.08160805158020898,25.436094,-25.978296
Usuario_6,2019_W41,0.1212121212121212,23.619642857142857,36.575700000000005,39.0,2019-10-07,0,SEDENTARIO,-0.3818362557005046,-0.40199258792899156,-13.731006,-20.771278
Usuario_6,2019_W42,0.1236842105263157,24.440357142857145,40.65475,41.0,2019-10-14,0,SEDENTARIO,-0.2869039845156907,-0.3650508940729027,-13.69154,-18.611061
Usuario_6,2019_W43,0.16875,27.326071428571428,40.65475,47.0,2019-10-21,1,NO SEDENTARIO,0.4526353591284386,-0.3761825046231114,20.884836,-24.473358
Usuario_6,2019_W44,0.2461363636363636,23.511301020408162,34.04615,46.0,2019-10-28,1,NO SEDENTARIO,0.9090952182908959,-0.39552354670574247,29.877752,-32.153206
Usuario_6,2019_W45,0.1588888888888888,27.083571428571425,38.1428,53.0,2019-11-04,1,NO SEDENTARIO,0.7592667104858748,-0.7360201996679927,20.99889,-16.37803
Usuario_6,2019_W46,0.219047619047619,29.371377551020405,35.49036666666667,36.0,2019-11-11,1,NO SEDENTARIO,0.3065427057681902,0.24570407080120427,1.7692173,-42.809124
Usuario_6,2019_W47,0.1871794871794871,24.59622448979592,35.393100000000004,44.0,2019-11-18,1,NO SEDENTARIO,0.4035114902804628,-0.41020703356888283,7.56316,-35.27709
Usuario_6,2019_W48,0.1685185185185185,25.346173469387757,41.3325,47.0,2019-11-29,1,NO SEDENTARIO,0.38090966807161103,-0.4460445192175774,20.830036,-24.947023
Usuario_6,2019_W49,0.162,30.15540816326531,37.279275,40.0,2019-12-02,1,NO SEDENTARIO,0.14193877708150454,-0.03475158791556346,0.94344056,-35.76049
Usuario_6,2019_W50,0.2321428571428571,31.31372448979592,33.90205,37.5,2019-12-09,1,NO SEDENTARIO,0.5648153379391592,0.26687242955354157,3.2935429,-43.279125
Usuario_6,2019_W51,0.1653846153846153,30.26492346938776,33.9173,43.0,2019-12-16,1,NO SEDENTARIO,0.39086131448928624,-0.22350091285321372,3.9568248,-34.04532
Usuario_6,2019_W52,0.1515151515151515,28.14423469387755,29.237625,46.0,2019-12-23,1,NO SEDENTARIO,0.4739831537085472,-0.5851344751676999,15.8096485,-22.074642
Usuario_6,2020_W01,0.2407407407407407,28.786734693877552,34.28025,47.0,2019-12-30,1,NO SEDENTARIO,1.0856239569492472,-0.22995470358001285,30.51495,-30.881954
Usuario_6,2020_W02,0.1713333333333333,27.49969387755102,34.17545,44.0,2020-01-06,1,NO SEDENTARIO,0.4012617443891158,-0.3611022211176535,5.2372274,-33.825394
Usuario_6,2020_W03,0.1936755952380952,34.33206632653061,31.763966666666665,42.6875,2020-01-13,1,NO SEDENTARIO,0.7221725764057041,0.0019546498670920953,5.435066,-39.177322
Usuario_6,2020_W04,0.1879273504273504,28.745510204081633,34.50728333333333,40.75,2020-01-21,1,NO SEDENTARIO,0.36142549196024887,-0.10677455445754579,4.0422254,-36.933846
Usuario_6,2020_W05,0.1611111111111111,23.130051020408164,40.177,40.0,2020-01-28,1,NO SEDENTARIO,-0.12044849499894804,-0.2726568305674827,-1.5894628,-33.360123
Usuario_6,2020_W06,0.1380952380952381,26.01204081632653,36.618,37.5,2020-02-03,0,SEDENTARIO,-0.2803862313547566,-0.18278286535036858,-4.6061306,-34.147865
Usuario_6,2020_W07,0.1291666666666666,21.257653061224488,35.54452500000001,49.0,2020-02-10,1,NO SEDENTARIO,0.1894155232924722,-0.9453061843598978,11.6472,-19.23917
Usuario_6,2020_W08,0.1531746031746031,21.4234693877551,33.617133333333335,47.0,2020-02-17,1,NO SEDENTARIO,0.2732382327184712,-0.8165970932159654,13.95542,-25.283825
Usuario_6,2020_W09,0.14375,17.243622448979593,33.8286,47.0,2020-02-24,1,NO SEDENTARIO,0.07899559687252312,-1.0162005410323314,12.559908,-27.577694
Usuario_6,2020_W10,0.1361111111111111,13.561173469387754,31.842241666666663,45.0,2020-03-02,1,NO SEDENTARIO,-0.16944143219764043,-1.1456458344157368,11.047706,-27.45341
Usuario_6,2020_W11,0.156060606060606,27.381836734693877,27.8747,53.125,2020-03-09,1,NO SEDENTARIO,0.910641589654655,-0.9499412426527676,23.693233,-17.116714
Usuario_6,2020_W12,0.1512820512820512,24.309285714285718,33.43935,48.0,2020-03-16,1,NO SEDENTARIO,0.4076030197326714,-0.7493976666080018,14.813536,-22.68533
Usuario_6,2020_W13,0.0849242424242424,18.2102806122449,27.56838333333333,47.0,2020-03-23,1,NO SEDENTARIO,-0.20021731177311133,-1.282121651066988,3.335494,-18.536116
Usuario_6,2020_W14,0.0831944444444444,19.218316326530612,30.111562499999998,48.875,2020-03-30,1,NO SEDENTARIO,-0.1124218964876575,-1.2761374142150095,3.5541017,-17.856592
Usuario_6,2020_W15,0.1270833333333333,19.966734693877555,30.2095,42.0,2020-04-06,1,NO SEDENTARIO,-0.1845791935113966,-0.8034592939276739,6.763638,-24.803516
Usuario_6,2020_W16,0.0802631578947368,14.673571428571428,29.99705,53.0,2020-04-13,1,NO SEDENTARIO,-0.0320803565681055,-1.662530300484946,2.8454885,-16.28201
Usuario_6,2020_W17,0.1653846153846153,0.780969387755102,31.76605,45.0,2020-04-20,1,NO SEDENTARIO,-0.35481049482859633,-1.5960455853481734,16.591194,-37.48057
Usuario_6,2020_W18,0.0291666666666666,8.89045918367347,28.932,47.0,2020-04-27,0,SEDENTARIO,-0.8845904689717498,-1.8133064375780565,0.6143666,-15.932288
Usuario_6,2020_W19,0.07291666666666666,20.00989795918367,28.703508333333332,46.0,2020-05-05,1,NO SEDENTARIO,-0.302298324250273,-1.174511549578186,2.7811809,-18.20013
Usuario_6,2020_W20,0.1653846153846153,5.960357142857142,31.143525,47.0,2020-05-11,1,NO SEDENTARIO,-0.07408117352361274,-1.4806566567450024,15.964354,-36.514393
Usuario_6,2020_W21,0.1653846153846153,4.853724489795919,29.746604166666668,47.0,2020-05-18,1,NO SEDENTARIO,-0.08655848969708643,-1.5560396530502678,15.881073,-36.91767
Usuario_6,2020_W22,0.1635416666666666,19.09132653061225,25.3409,41.0,2020-05-25,1,NO SEDENTARIO,0.05449942230413417,-0.7865166363158034,7.0402904,-30.196074
Usuario_6,2020_W23,0.16089743589743585,23.516479591836735,27.84658333333333,47.5,2020-06-01,1,NO SEDENTARIO,0.5049633573065592,-0.8470932644769298,15.96646,-23.73883
Usuario_6,2020_W24,0.2,29.0194387755102,26.588625,44.0,2020-06-08,1,NO SEDENTARIO,0.757703858118897,-0.3678698577160074,8.578639,-39.172752
Usuario_6,2020_W25,0.1653846153846153,31.31423469387755,35.9574,49.75,2020-06-15,1,NO SEDENTARIO,0.7785525307622881,-0.43874449314310515,21.807806,-19.837395
Usuario_6,2020_W26,0.25,34.554591836734694,33.1427,40.5,2020-06-22,1,NO SEDENTARIO,0.9684390728184299,0.3070686038085444,4.881809,-44.123177
Usuario_6,2020_W27,0.1958333333333333,33.08045918367347,37.262825,52.0,2020-06-29,1,NO SEDENTARIO,1.1496939760392886,-0.3463981703029175,28.140848,-23.167097
Usuario_6,2020_W28,0.1435185185185185,33.85163265306122,33.61793333333333,49.0,2020-07-06,1,NO SEDENTARIO,0.6979354674550954,-0.41283769366773093,20.374615,-18.418882
Usuario_6,2020_W29,0.2,20.74357142857143,35.233149999999995,41.25,2020-07-13,1,NO SEDENTARIO,0.21953139673764888,-0.4139460488658389,9.349267,-36.494835
Usuario_6,2020_W30,0.21737012987012982,27.55701530612245,34.22477666666667,31.75,2020-07-20,1,NO SEDENTARIO,0.015745513909862216,0.32809980489784735,-0.7934283,-42.980984
Usuario_6,2020_W31,0.1533333333333333,27.75918367346939,31.25925,44.5,2020-07-27,1,NO SEDENTARIO,0.3584271099239487,-0.4870251725271035,4.573798,-31.852707
Usuario_6,2020_W32,0.1944444444444444,29.909030612244894,29.6012,36.5,2020-08-03,1,NO SEDENTARIO,0.2716727506290873,0.050107962097935554,0.32541716,-41.034344
Usuario_6,2020_W33,0.1888888888888888,24.77709183673469,28.7168,35.75,2020-08-10,1,NO SEDENTARIO,0.04862753408379729,-0.16701155476707363,-0.58954126,-41.05187
Usuario_6,2020_W34,0.2212121212121212,26.724948979591836,29.5846,38.25,2020-08-17,1,NO SEDENTARIO,0.45900647027911295,-0.08160993298214612,2.1915991,-43.75186
Usuario_6,2020_W35,0.1640648567119155,24.542219387755104,31.805500000000002,40.5,2020-08-24,1,NO SEDENTARIO,0.09716431677234834,-0.3999027267722238,1.9242908,-33.198677
Usuario_6,2020_W36,0.2175,32.69617346938776,30.871808333333334,36.5,2020-08-31,1,NO SEDENTARIO,0.49475814764664855,0.262879518366617,2.6256168,-42.426373
Usuario_6,2020_W37,0.2049019607843137,32.00877551020408,35.92085,43.0,2020-09-07,1,NO SEDENTARIO,0.6840220143563158,0.010146664156617136,6.1535525,-39.449474
Usuario_6,2020_W38,0.1522222222222222,28.396428571428576,33.3025,43.0,2020-09-14,1,NO SEDENTARIO,0.25344197756950093,-0.3543358903958815,3.836467,-32.53172
Usuario_6,2020_W39,0.1666666666666666,28.257397959183677,33.7568,44.0,2020-09-21,1,NO SEDENTARIO,0.3985554801779659,-0.351973444539222,4.6741524,-33.475964
Usuario_6,2020_W40,0.1755555555555555,30.61556122448979,37.39375,42.0,2020-09-28,1,NO SEDENTARIO,0.3615003985184633,-0.061588640931476146,2.9070032,-35.93283
Usuario_6,2020_W41,0.1935897435897436,28.118622448979597,26.99515,46.58,2020-10-05,1,NO SEDENTARIO,0.8282096226147393,-0.5318511620731594,9.369304,-39.268173
Usuario_6,2020_W42,0.1710526315789473,32.90979591836735,36.11056666666666,50.0,2020-10-12,1,NO SEDENTARIO,0.8776727334356529,-0.36264888509269294,22.4372,-19.87472
Usuario_6,2020_W43,0.1512820512820512,22.19964285714286,25.679266666666667,41.0,2020-10-19,1,NO SEDENTARIO,0.059583674185308674,-0.6858299784410931,6.560175,-30.084497
Usuario_6,2020_W44,0.1326086956521739,26.525051020408164,34.845416666666665,48.0,2020-10-26,1,NO SEDENTARIO,0.32568944385819404,-0.6834341149768388,10.650551,-18.96475
Usuario_6,2020_W45,0.09375,20.60658163265306,29.566033333333333,48.0,2020-11-02,1,NO SEDENTARIO,-0.040041124895325464,-1.1582359285689765,4.1344724,-18.36157
Usuario_6,2020_W46,0.0931372549019607,14.19122448979592,28.1967,44.0,2020-11-09,1,NO SEDENTARIO,-0.446960494067528,-1.2792507648978941,3.376323,-19.890858
Usuario_6,2020_W47,0.05341880341880335,11.87712244897959,39.72376666666667,41.25,2020-11-16,0,SEDENTARIO,-1.1199291058262955,-1.1347926144178613,-21.88111,-10.351906
Usuario_6,2020_W48,0.0883333333333333,18.337602040816325,45.26556,47.0,2020-11-23,0,SEDENTARIO,-0.4393881738625801,-0.9005145676220352,-5.87475,-9.988172
Usuario_6,2020_W49,0.15665064102564097,11.852755102040817,39.41600666666667,48.5,2020-11-30,1,NO SEDENTARIO,0.00592485949276296,-1.1553080899764916,14.924309,-32.10018
Usuario_6,2020_W50,0.1263888888888888,27.48576530612245,35.8352,53.0,2020-12-07,1,NO SEDENTARIO,0.583690848191073,-0.8646713876288394,18.967152,-15.22024
Usuario_6,2020_W51,0.1653846153846153,23.400357142857143,38.1515,42.0,2020-12-14,1,NO SEDENTARIO,0.06203292637283579,-0.37966590815139334,0.36938044,-32.950027
Usuario_6,2020_W52,0.11416666666666665,25.613265306122447,35.3224875,47.0,2020-12-21,1,NO SEDENTARIO,0.10737883405757502,-0.7227157030950817,9.327398,-18.235098
Usuario_6,2020_W53,0.1236111111111111,26.84280612244898,35.77673333333333,47.0,2020-12-28,1,NO SEDENTARIO,0.20241894996295612,-0.6332366895372661,9.815451,-18.65916
Usuario_6,2021_W01,0.1284722222222222,24.32734693877551,33.286075,43.0,2021-01-04,1,NO SEDENTARIO,-0.03208412394781468,-0.5971182228944563,6.7968826,-24.07171
Usuario_6,2021_W02,0.1677777777777777,28.04765306122449,35.01874166666667,35.0,2021-01-11,0,SEDENTARIO,-0.134688272659381,0.07068385261734036,-2.3777845,-39.284847
Usuario_6,2021_W03,0.1958333333333333,23.370561224489794,31.66803333333333,48.0,2021-01-18,1,NO SEDENTARIO,0.7108271884737233,-0.691369844929469,24.920063,-30.239702
Usuario_6,2021_W04,0.1916666666666666,28.4719387755102,30.159,38.0,2021-01-25,1,NO SEDENTARIO,0.28667220752148387,-0.07409851043663711,0.5160857,-40.62781
Usuario_6,2021_W05,0.2022222222222222,34.06841836734694,35.5189,39.0,2021-02-01,1,NO SEDENTARIO,0.5049675998584503,0.2589785739710442,3.3954167,-40.87917
Usuario_6,2021_W06,0.18241106719367584,22.631454081632654,35.551175,48.5,2021-02-08,1,NO SEDENTARIO,0.5667603684562924,-0.704850413489428,22.30456,-29.02758
Usuario_6,2021_W07,0.2041666666666666,30.25698979591837,31.36236666666667,47.5,2021-02-15,1,NO SEDENTARIO,0.9523179327025911,-0.36095230787641785,27.638744,-27.57641
Usuario_6,2021_W08,0.2383333333333333,25.252244897959184,28.1436,37.5,2021-02-22,1,NO SEDENTARIO,0.5103572048247415,-0.08824729821512002,2.1938899,-44.54351
Usuario_6,2021_W09,0.1433201058201058,24.29173469387755,31.552750000000003,38.25,2021-03-01,1,NO SEDENTARIO,-0.17750296886177214,-0.37758858270143403,-4.4614363,-35.001354
Usuario_6,2021_W10,0.1611111111111111,22.44969387755102,29.063666666666663,43.0,2021-03-08,1,NO SEDENTARIO,0.1980581132283672,-0.6650852974443,7.695104,-30.939318
Usuario_6,2021_W11,0.1411111111111111,23.41561224489796,29.51258333333333,37.25,2021-03-15,0,SEDENTARIO,-0.24572067801257114,-0.41856957099533304,-5.03281,-35.29887
Usuario_6,2021_W12,0.1819444444444444,24.245408163265303,29.185466666666667,45.0,2021-03-22,1,NO SEDENTARIO,0.5077639529409944,-0.6137535479470846,8.659337,-33.570873
Usuario_6,2021_W13,0.12,25.64183673469388,34.3661,49.0,2021-03-29,1,NO SEDENTARIO,0.27712858261249884,-0.8130753533860196,10.197743,-18.178839
Usuario_6,2021_W14,0.20625,35.33005102040817,34.8918,49.0,2021-04-05,1,NO SEDENTARIO,1.152959074658108,-0.13555791380279011,28.996254,-25.194515
Usuario_6,2021_W15,0.1577777777777777,26.10311224489796,32.77805,41.0,2021-04-12,1,NO SEDENTARIO,0.11538135879346999,-0.35547016779577123,2.1885293,-33.396427
Usuario_6,2021_W16,0.1892857142857142,26.0459693877551,38.3171,37.0,2021-04-19,1,NO SEDENTARIO,0.01686104410233398,0.03019993893648426,-0.68134683,-39.261925
Usuario_6,2021_W17,0.1761904761904762,29.27877551020408,32.80745,41.625,2021-04-26,1,NO SEDENTARIO,0.3729261999216792,-0.19393865612805544,3.5499568,-35.31588
Usuario_6,2021_W18,0.16875,28.50561224489796,33.099525,47.0,2021-05-03,1,NO SEDENTARIO,0.6020600450165177,-0.4828763521953561,18.434628,-22.971924
Usuario_6,2021_W19,0.1643939393939394,27.250204081632653,33.5042,44.5,2021-05-10,1,NO SEDENTARIO,0.3849461824078689,-0.42868864178185895,5.033861,-32.99975
Usuario_6,2021_W20,0.2590909090909091,27.689642857142857,29.984366666666663,50.0,2021-05-17,1,NO SEDENTARIO,1.414522782554109,-0.4436653630745967,31.271646,-31.797396
Usuario_6,2021_W21,0.22989926739926736,28.650688775510204,31.179275,49.25,2021-05-24,1,NO SEDENTARIO,1.182838047110763,-0.43294139433915313,30.032564,-30.259214
Usuario_6,2021_W22,0.19,30.99775510204082,40.0946,41.0,2021-05-31,1,NO SEDENTARIO,0.3740234706348083,0.09847241570051599,3.0011723,-37.337948
Usuario_6,2021_W23,0.1354166666666666,27.489183673469388,36.847675,51.5,2021-06-07,1,NO SEDENTARIO,0.5444388028373651,-0.74941065906724,18.749613,-15.981723
Usuario_6,2021_W24,0.2476190476190476,32.117908163265305,31.643933333333333,45.0,2021-06-14,1,NO SEDENTARIO,1.15868226107116,-0.03448034245312602,31.216482,-29.594414
Usuario_6,2021_W25,0.1653846153846153,33.13663265306122,33.22965,50.0,2021-06-21,1,NO SEDENTARIO,0.8890998563999565,-0.42975991484084325,21.782469,-19.203487
Usuario_6,2021_W26,0.2392857142857143,33.449285714285715,32.84685,49.0,2021-06-28,1,NO SEDENTARIO,1.3529503638515348,-0.15742913234047357,31.234598,-30.275633
Usuario_6,2021_W27,0.2604166666666667,32.63025510204082,32.49266666666667,42.5,2021-07-05,1,NO SEDENTARIO,1.1058307666226244,0.1547925968600749,5.546087,-44.48603
Usuario_6,2021_W28,0.2211538461538461,30.00663265306122,33.3288,37.0,2021-07-12,1,NO SEDENTARIO,0.43000573364103317,0.1893597818144918,2.427227,-42.98804
Usuario_6,2021_W29,0.2019607843137255,26.282551020408164,35.150000000000006,49.0,2021-07-19,1,NO SEDENTARIO,0.8458031416243034,-0.5232430336985707,26.14186,-28.981428
Usuario_6,2021_W30,0.1966666666666666,30.31336734693878,37.6852,47.0,2021-07-26,1,NO SEDENTARIO,0.7788770657085483,-0.2280609412756639,26.778788,-26.22034
Usuario_6,2021_W31,0.2166666666666666,28.957959183673477,35.247125,43.375,2021-08-02,1,NO SEDENTARIO,0.7038175201291043,-0.11330058980812566,6.8567014,-39.7984
Usuario_6,2021_W32,0.1425925925925926,23.000714285714288,43.51545,50.0,2021-08-09,1,NO SEDENTARIO,0.27140182354229814,-0.7114849343348377,14.466894,-16.497974
Usuario_6,2021_W33,0.1666666666666666,21.74908163265306,34.4808,45.0,2021-08-16,1,NO SEDENTARIO,0.24790188425189663,-0.6551051722048391,10.058002,-30.866133
Usuario_6,2021_W34,0.246875,34.943928571428565,28.3918,38.0,2021-08-23,1,NO SEDENTARIO,0.8871435739405017,0.3274399997884463,4.152998,-44.262806
Usuario_6,2021_W35,0.2291666666666666,28.365408163265304,33.164633333333335,40.04,2021-08-30,1,NO SEDENTARIO,0.611769328779,0.005334483847195842,3.098844,-43.74536
Usuario_6,2021_W36,0.1993589743589743,26.581428571428575,34.911141666666666,33.75,2021-09-06,1,NO SEDENTARIO,-0.032861641986447976,0.15775422015710147,-1.2384558,-41.85402
Usuario_6,2021_W37,0.1833333333333333,30.542142857142856,34.686875,34.5,2021-09-13,0,SEDENTARIO,0.023674615175052635,0.23777903079135165,-1.6928974,-40.25426
Usuario_6,2021_W38,0.1818840579710144,28.534948979591835,32.87985,34.0,2021-09-20,0,SEDENTARIO,-0.04845456765663353,0.13405167469474344,-1.7159419,-40.6372
Usuario_6,2021_W39,0.1628205128205128,27.211428571428577,29.6614,47.0,2021-09-27,1,NO SEDENTARIO,0.5740359469001991,-0.6262010093410291,16.83196,-22.724312
Usuario_6,2021_W40,0.2322222222222222,37.11280612244897,35.494566666666664,39.5,2021-10-04,1,NO SEDENTARIO,0.8315098638896158,0.4543450006397524,4.5605836,-43.11923
Usuario_6,2021_W41,0.1625,26.47627551020408,38.38155,46.0,2021-10-11,1,NO SEDENTARIO,0.3610587267529559,-0.4330402361015041,19.88796,-24.795864
Usuario_6,2021_W42,0.1114583333333333,28.32622448979592,28.95675,39.0,2021-10-18,0,SEDENTARIO,-0.19144471010162198,-0.39118096618601184,-13.179509,-22.364246
Usuario_6,2021_W43,0.1333333333333333,13.501377551020408,41.6856,47.0,2021-10-25,1,NO SEDENTARIO,-0.2238643505126077,-1.0422872323896244,10.314557,-24.730927
Usuario_6,2021_W44,0.175,27.00204081632653,35.22325,39.375,2021-11-01,1,NO SEDENTARIO,0.13061273726810935,-0.1427069225792508,0.14740157,-36.051502
Usuario_6,2021_W45,0.1653846153846153,26.953928571428573,38.4449,39.0,2021-11-08,1,NO SEDENTARIO,-0.006636502803560873,-0.0902923052418648,-0.7954008,-35.027233
Usuario_6,2021_W46,0.1628205128205128,27.87239795918367,37.9441,40.0,2021-11-15,1,NO SEDENTARIO,0.06843269443047227,-0.11444911788673152,0.14984104,-35.117588
Usuario_6,2021_W47,0.1756410256410256,27.292704081632657,39.0429,41.0,2021-11-22,1,NO SEDENTARIO,0.17938804437241124,-0.12215943136344375,0.92032886,-34.812984
Usuario_6,2021_W48,0.1979166666666666,23.34051020408163,37.12775,48.5,2021-11-29,1,NO SEDENTARIO,0.6706434265867651,-0.5957835829642737,24.565758,-29.28794
Usuario_6,2021_W49,0.19365530303030298,24.549897959183674,31.679758333333332,44.875,2021-12-06,1,NO SEDENTARIO,0.5524490019098631,-0.5085429493217049,8.65121,-35.097023
Usuario_6,2021_W50,0.17138278388278383,25.886989795918367,36.75299583333333,48.5,2021-12-13,1,NO SEDENTARIO,0.5717348955717426,-0.5764151327081333,20.197674,-23.639748
Usuario_6,2021_W51,0.17366946778711478,34.57283163265306,39.17895,50.5,2021-12-21,1,NO SEDENTARIO,0.9283905815413017,-0.24378011742320765,23.085672,-20.278513
Usuario_6,2021_W52,0.1483333333333333,18.482040816326528,44.641125,40.0,2021-12-27,0,SEDENTARIO,-0.41582658913815235,-0.41407284946854966,-8.423049,-29.485273
Usuario_6,2022_W01,0.1333333333333333,28.28331632653061,44.641125,43.0,2022-01-03,0,SEDENTARIO,-0.04994878625182585,-0.1814487654682881,-7.456101,3.7776368
Usuario_6,2022_W02,0.14611111111111105,18.598520408163267,39.44406666666667,39.5,2022-01-10,0,SEDENTARIO,-0.37793035579885376,-0.5010139708830961,-7.8539953,-30.477179
Usuario_6,2022_W03,0.1719298245614035,24.42892857142857,37.52064,42.0,2022-01-17,1,NO SEDENTARIO,0.147473729926777,-0.32979810936359555,0.7032569,-33.270443
Usuario_6,2022_W04,0.1884615384615384,27.38581632653061,33.569925,52.0,2022-01-24,1,NO SEDENTARIO,0.9824099330571033,-0.6842105675660033,26.263405,-20.875437
Usuario_6,2022_W05,0.1436274509803921,24.797525510204082,34.37271,51.5,2022-01-31,1,NO SEDENTARIO,0.5564099415186723,-0.8889662944028045,17.899448,-17.161304
Usuario_6,2022_W06,0.13769841269841265,19.6727806122449,32.564800000000005,53.5,2022-02-08,1,NO SEDENTARIO,0.5024415367168039,-1.248848393185585,16.436932,-28.344593
Usuario_6,2022_W07,0.19747023809523806,27.03372448979592,34.39658333333333,41.75,2022-02-15,1,NO SEDENTARIO,0.43387434685201304,-0.19692707491222106,6.4060774,-37.145504
Usuario_6,2022_W08,0.1742424242424242,23.16127551020408,32.549,44.0,2022-02-21,1,NO SEDENTARIO,0.31431354671891,-0.5682534234655138,8.899299,-32.466496
Usuario_6,2022_W09,0.1653846153846153,26.94168367346939,33.294466666666665,41.0,2022-02-28,1,NO SEDENTARIO,0.1850697491107769,-0.2866624670510085,2.104677,-34.096752
Usuario_6,2022_W10,0.1655555555555555,26.994336734693874,34.53335,38.0,2022-03-07,1,NO SEDENTARIO,-0.0026481303814772927,-0.12430551335613675,-1.2507625,-36.17942
Usuario_6,2022_W11,0.1678571428571428,27.11005102040816,29.385575,48.5,2022-03-14,1,NO SEDENTARIO,0.6955151121983403,-0.6880087375926618,17.612366,-22.158318
Usuario_6,2022_W12,0.19647435897435894,24.14,34.55115000000001,43.875,2022-03-21,1,NO SEDENTARIO,0.4588416606774502,-0.4132256427800388,8.126229,-35.78411
Usuario_6,2022_W13,0.2,18.430510204081635,29.2459,45.0,2022-03-28,1,NO SEDENTARIO,0.454414352464748,-0.8024589716840749,11.31015,-34.89823
Usuario_6,2022_W14,0.1666666666666666,22.58209183673469,26.943166666666663,43.0,2022-04-04,1,NO SEDENTARIO,0.27201381073743686,-0.6866548201145906,7.46919,-31.266161
Usuario_6,2022_W15,0.2,23.24994897959184,29.6327,41.25,2022-04-11,1,NO SEDENTARIO,0.3797035858649313,-0.4244684011529743,8.65594,-36.81286
Usuario_6,2022_W16,0.1064102564102564,18.502857142857145,33.573125,50.0,2022-04-18,1,NO SEDENTARIO,0.03718347740416365,-1.2149810585488838,5.282745,-18.678482
Usuario_6,2022_W17,0.169047619047619,29.817959183673477,28.156675,52.75,2022-04-25,1,NO SEDENTARIO,1.047574852758163,-0.7859183777318379,23.957108,-17.839184
Usuario_6,2022_W18,0.194047619047619,24.747551020408167,28.28645,50.5,2022-05-02,1,NO SEDENTARIO,0.9343832367639274,-0.8205019128659687,24.022417,-31.258558
Usuario_6,2022_W19,0.1679487179487179,23.40295918367347,28.502724999999998,46.25,2022-05-09,1,NO SEDENTARIO,0.46832349379748844,-0.7612315205988838,15.826255,-24.457489
Usuario_6,2022_W20,0.1285714285714285,24.404234693877548,35.70295,45.8433,2022-05-16,1,NO SEDENTARIO,0.09740593107346408,-0.6706148895961461,9.823331,-19.572508
Usuario_6,2022_W21,0.1545454545454545,28.11826530612245,27.595533333333336,50.5,2022-05-23,1,NO SEDENTARIO,0.776409994536466,-0.8120778333757506,18.822475,-19.696947
Usuario_6,2022_W22,0.1944444444444444,28.43826530612245,28.62428,56.0,2022-05-30,1,NO SEDENTARIO,1.3587807572162163,-0.9029449877160067,28.107628,-19.41151
Usuario_6,2022_W23,0.1114583333333333,17.836224489795917,32.212466666666664,47.0,2022-06-06,1,NO SEDENTARIO,-0.09979697284361491,-1.1219247191634907,5.1963325,-19.50161
Usuario_6,2022_W24,0.19499999999999995,30.077984693877546,35.2034875,48.75,2022-06-13,1,NO SEDENTARIO,0.8979315759390766,-0.3724630948346624,27.532309,-25.540915
Usuario_6,2022_W25,0.12857142857142856,19.29451530612245,34.4737875,43.625,2022-06-20,1,NO SEDENTARIO,-0.1658480885049501,-0.8116203261585506,7.1751776,-24.693832
Usuario_6,2022_W26,0.1409722222222222,22.65209183673469,29.520363333333332,59.125,2022-06-27,1,NO SEDENTARIO,0.9830634832385162,-1.428052659395783,26.566317,-13.851631
Usuario_6,2022_W27,0.1454347826086956,30.630867346938775,33.6548375,50.625,2022-07-04,1,NO SEDENTARIO,0.7060690926559837,-0.6142093165012588,20.438927,-17.883335
Usuario_6,2022_W28,0.1583333333333333,32.215918367346944,31.6548,56.5,2022-07-11,1,NO SEDENTARIO,1.2089686667168802,-0.8125885580663321,24.760386,-15.550918
Usuario_6,2022_W29,0.2044444444444444,29.842551020408163,31.18903333333333,45.0,2022-07-18,1,NO SEDENTARIO,0.8010852636599165,-0.2694387581979884,7.9485106,-39.333218
Usuario_6,2022_W30,0.1666666666666666,29.027244897959186,30.2115325,47.5,2022-07-25,1,NO SEDENTARIO,0.675697204072232,-0.5492933131368409,17.72376,-22.66229
Usuario_6,2022_W31,0.1583333333333333,28.51790816326531,35.1943,53.0,2022-08-01,1,NO SEDENTARIO,0.8432655055177075,-0.7384094781272836,21.905848,-16.848799
Usuario_6,2022_W32,0.1863636363636363,23.80867346938776,35.2677125,53.375,2022-08-08,1,NO SEDENTARIO,0.9129569934104785,-0.8671211435602475,26.506382,-19.339865
Usuario_6,2022_W33,0.1533333333333333,20.01433673469388,33.8364,43.0,2022-08-15,1,NO SEDENTARIO,-0.0007499377121262946,-0.6921083284589906,9.100196,-29.814632
Usuario_6,2022_W34,0.1797619047619047,25.90316326530612,33.07912,54.0,2022-08-22,1,NO SEDENTARIO,0.9999129842185009,-0.8721770841622416,26.321213,-18.633886
Usuario_6,2022_W35,0.1333333333333333,21.15877551020408,31.2516,56.5,2022-08-29,1,NO SEDENTARIO,0.709147871849231,-1.3607231292197681,25.889442,-13.502035
Usuario_6,2022_W36,0.1725,14.725765306122447,33.714015,37.5,2022-09-05,1,NO SEDENTARIO,-0.3428391599107651,-0.6134545995610956,-10.19468,-38.231678
Usuario_6,2022_W37,0.1545454545454545,19.35872448979592,41.36128,46.125,2022-09-12,1,NO SEDENTARIO,0.05343677994079897,-0.6999742175536516,12.437088,-25.859556
Usuario_6,2022_W38,0.1939393939393939,26.66316326530612,34.286424999999994,46.75,2022-09-19,1,NO SEDENTARIO,0.686535372202559,-0.4487496847289535,25.905815,-28.336548
Usuario_6,2022_W39,0.1671367521367521,22.42872448979592,31.524055,47.0625,2022-09-26,1,NO SEDENTARIO,0.43433500236174244,-0.7784159884293365,15.49828,-24.968481
Usuario_6,2022_W40,0.2,24.743418367346937,37.777675,48.0,2022-10-03,1,NO SEDENTARIO,0.6889559910612617,-0.494796131951635,25.150364,-28.89938
Usuario_6,2022_W41,0.1762820512820512,20.811887755102042,36.66729625,46.25,2022-10-10,1,NO SEDENTARIO,0.32404146528112965,-0.676155325250162,19.992495,-27.75325
Usuario_6,2022_W42,0.1866666666666666,29.784081632653063,41.15968,47.0,2022-10-17,1,NO SEDENTARIO,0.6421017166119688,-0.2085419674993677,25.356628,-25.424013
Usuario_6,2022_W43,0.1635416666666666,24.113520408163264,39.36635,57.0,2022-10-24,1,NO SEDENTARIO,0.9118998426545178,-1.0001708553437736,27.193346,-16.273012
Usuario_6,2022_W44,0.1717948717948718,29.2505612244898,33.56944,57.0,2022-10-31,1,NO SEDENTARIO,1.2111692716058635,-0.8793914785799142,25.74645,-16.14972
Usuario_6,2022_W45,0.1922222222222222,31.979030612244895,43.25335,51.0,2022-11-07,1,NO SEDENTARIO,0.9441856789160917,-0.23498206886160863,26.565031,-23.469671
Usuario_6,2022_W46,0.1791666666666666,20.84826530612245,39.04205,46.25,2022-11-15,1,NO SEDENTARIO,0.30914709473051016,-0.6168318481276103,20.514894,-27.58778
Usuario_6,2022_W47,0.1340277777777777,23.6730612244898,34.93334,47.0,2022-11-22,1,NO SEDENTARIO,0.1904600151015428,-0.7524959257256312,10.603509,-19.750835
Usuario_6,2022_W48,0.1589743589743589,25.901938775510203,30.206916666666665,48.5,2022-11-28,1,NO SEDENTARIO,0.5857696081612068,-0.7485163563163248,16.985126,-21.668022
Usuario_6,2022_W49,0.1523809523809524,25.68372448979592,30.79848,50.0,2022-12-05,1,NO SEDENTARIO,0.6110411048534397,-0.8323006632184671,17.671988,-20.206486
Usuario_6,2022_W50,0.1653846153846153,23.28280612244898,39.19602,46.0,2022-12-12,1,NO SEDENTARIO,0.27186690414536563,-0.5416813027555816,19.840075,-25.89235
Usuario_6,2022_W51,0.1622222222222222,26.353775510204084,43.23495,49.0,2022-12-19,1,NO SEDENTARIO,0.45423476868553486,-0.47265833009811176,21.403784,-24.025213
Usuario_6,2022_W52,0.24,33.58908163265306,36.3031,41.0,2022-12-26,1,NO SEDENTARIO,0.8518238251016761,0.2794300689985259,4.9414997,-43.54466
Usuario_6,2023_W01,0.1696969696969697,22.82704081632653,35.31235,54.0,2023-01-02,1,NO SEDENTARIO,0.8042715246788459,-0.985524704894231,26.625597,-17.866138
Usuario_6,2023_W02,0.1552083333333333,30.45265306122449,35.17316666666667,53.0,2023-01-09,1,NO SEDENTARIO,0.8807640358552083,-0.6669679630070295,22.089863,-16.593546
Usuario_6,2023_W03,0.1733333333333333,30.45311224489796,34.94105,52.0,2023-01-16,1,NO SEDENTARIO,0.9510707142532006,-0.5725232170794863,23.185354,-18.893902
Usuario_6,2023_W04,0.1305555555555555,28.3384693877551,33.026725,55.5,2023-01-23,1,NO SEDENTARIO,0.8234965416995175,-0.9860612157787685,24.042946,-13.2947855
Usuario_6,2023_W05,0.1474358974358974,25.53035714285714,37.7943,52.5,2023-01-30,1,NO SEDENTARIO,0.6104469076786467,-0.8206217501352788,18.287903,-16.53766
Usuario_6,2023_W06,0.149074074074074,17.38142857142857,34.0762,48.0,2023-02-06,1,NO SEDENTARIO,0.17316623919128293,-1.0339343909740841,13.249848,-27.96282
Usuario_6,2023_W07,0.1653846153846153,28.49020408163265,34.0762,51.0,2023-02-13,1,NO SEDENTARIO,0.7929691865130818,-0.6521333137436736,22.306318,-18.475521
Usuario_6,2023_W08,0.1822222222222222,25.28224489795918,35.7933,44.0,2023-02-20,1,NO SEDENTARIO,0.3843210740555821,-0.3880299247654915,7.0577064,-35.00682
Usuario_6,2023_W09,0.2255555555555555,19.19377551020408,34.38285,42.0,2023-02-27,1,NO SEDENTARIO,0.40331393248381847,-0.453223040336958,10.09049,-37.0077
Usuario_6,2023_W10,0.1777777777777777,16.729285714285716,31.5422,54.75,2023-03-06,1,NO SEDENTARIO,0.774688414302147,-1.3288606304310355,19.310505,-31.821922
Usuario_6,2023_W11,0.19184027777777773,18.35686224489796,31.752625000000002,44.0,2023-03-16,1,NO SEDENTARIO,0.3013183952130641,-0.7336025468138669,11.007467,-34.54488
Usuario_6,2023_W12,0.2,23.811071428571427,32.98856,47.0,2023-03-22,1,NO SEDENTARIO,0.6755330000607391,-0.5883414078772806,25.416302,-29.84
Usuario_6,2023_W13,0.1637254901960784,31.681734693877548,37.59744,47.0,2023-03-27,1,NO SEDENTARIO,0.5961201803804812,-0.2715393656347922,21.247856,-21.530945
Usuario_6,2023_W14,0.2009803921568627,19.988928571428573,38.40039,48.0,2023-04-03,1,NO SEDENTARIO,0.5423557499855951,-0.6787180727479294,23.600725,-29.44594
Usuario_6,2023_W15,0.14843749999999994,20.170076530612246,38.19245,46.25,2023-04-10,1,NO SEDENTARIO,0.09104129500327542,-0.7553901614558156,12.596052,-26.04334
Usuario_6,2023_W16,0.1763888888888889,16.782806122448978,49.54585,41.0,2023-04-17,0,SEDENTARIO,-0.29175419784419837,-0.34425057615877547,-6.2760196,-29.053797
Usuario_6,2023_W17,0.1653846153846153,10.708214285714284,29.591875,47.0,2023-04-24,1,NO SEDENTARIO,0.09301124647748805,-1.3132737636040592,15.714448,-35.1105
Usuario_6,2023_W18,0.19985119047619046,16.979642857142856,28.067258333333335,48.5,2023-05-01,1,NO SEDENTARIO,0.6276862418711765,-1.0445817186021817,20.419212,-34.854607
Usuario_6,2023_W19,0.1545454545454545,22.53698979591837,41.65943333333333,53.5,2023-05-08,1,NO SEDENTARIO,0.5675980688589877,-0.8897174570334156,16.83244,-15.91902
Usuario_6,2023_W20,0.24999999999999994,13.852295918367346,37.6041,48.375,2023-05-16,1,NO SEDENTARIO,0.7256094334490306,-0.8222078624408067,28.728382,-33.41727
Usuario_6,2023_W21,0.18130341880341874,7.585178571428572,33.591025,46.0625,2023-05-22,1,NO SEDENTARIO,-0.006452276503110005,-1.2719824192063247,16.34159,-35.93155
Usuario_6,2023_W22,0.2333333333333333,28.30647959183674,30.31511333333333,48.0,2023-05-29,1,NO SEDENTARIO,1.1373343051982814,-0.3991009439774679,30.243729,-30.379555
Usuario_6,2023_W23,0.17738095238095236,22.387372448979594,28.438775,43.0,2023-06-05,1,NO SEDENTARIO,0.3169545712002611,-0.6316548236744508,8.150795,-32.229935
Usuario_6,2023_W24,0.2813541666666667,29.07767857142857,28.127266666666664,49.5,2023-06-12,1,NO SEDENTARIO,1.6082636823113248,-0.33440913459917654,31.803562,-32.433548
Usuario_6,2023_W25,0.1555555555555555,6.410714285714286,34.431137500000006,37.0,2023-06-21,0,SEDENTARIO,-0.7500006740753989,-0.9766336144027175,-13.68199,-34.09131
Usuario_6,2023_W26,0.180026455026455,23.793571428571425,34.008766666666666,48.0,2023-06-26,1,NO SEDENTARIO,0.5801942414913248,-0.6727676696781253,22.069923,-28.795952
Usuario_6,2023_W27,0.2023809523809523,16.132704081632653,31.6444,53.5,2023-07-03,1,NO SEDENTARIO,0.8519159964665384,-1.2219187418190167,21.78865,-33.954815
Usuario_6,2023_W28,0.1041666666666666,10.120255102040815,26.779,45.5,2023-07-10,1,NO SEDENTARIO,-0.38744704542243785,-1.5134106735169426,3.82209,-20.597982
Usuario_6,2023_W29,0.1677083333333333,16.73270408163265,30.891375,54.0,2023-07-17,1,NO SEDENTARIO,0.6726966689706004,-1.3389835829809908,18.6815,-31.450535
Usuario_6,2023_W30,0.1935897435897436,23.65260204081633,35.235,50.0,2023-07-24,1,NO SEDENTARIO,0.7648769625155399,-0.701844173124667,24.16513,-30.11025
Usuario_6,2023_W31,0.18249999999999994,27.674464285714286,35.15748333333333,50.625,2023-07-31,1,NO SEDENTARIO,0.8476853583897836,-0.5957746393189469,25.553967,-21.400017
Usuario_6,2023_W32,0.2045238095238095,14.900969387755103,32.30690833333333,53.0,2023-08-07,1,NO SEDENTARIO,0.7906845424921812,-1.231181666150966,21.468721,-34.141052
Usuario_6,2023_W33,0.21770833333333328,33.54257653061225,39.40238333333333,45.25,2023-08-14,1,NO SEDENTARIO,0.8946004891423299,0.08462891861928803,29.515013,-27.447744
Usuario_6,2023_W34,0.18125,20.439897959183675,40.49294999999999,46.0,2023-08-22,1,NO SEDENTARIO,0.2748884937669285,-0.586544264535938,20.751835,-27.538527
Usuario_6,2023_W35,0.1653846153846153,15.592704081632654,37.84735833333333,49.125,2023-08-28,1,NO SEDENTARIO,0.2383482679708694,-1.0322514385588528,15.598356,-32.438606
Usuario_6,2023_W36,0.1595238095238095,25.779183673469387,31.6026,57.0,2023-09-04,1,NO SEDENTARIO,1.0516752144508055,-1.1028474134858635,26.420326,-15.324866
Usuario_6,2023_W37,0.1925925925925926,8.600969387755104,30.0489,53.0,2023-09-11,1,NO SEDENTARIO,0.5522646603502465,-1.5784758213536931,19.164276,-34.83345
Usuario_6,2023_W38,0.1846153846153846,16.238214285714285,34.114125,63.0,2023-09-18,1,NO SEDENTARIO,1.2404666660601968,-1.6442451428566358,29.265457,-14.905051
Usuario_6,2023_W39,0.18616071428571423,14.81107142857143,29.607750000000003,50.625,2023-09-26,1,NO SEDENTARIO,0.566844384818319,-1.2399626132189585,19.632963,-33.828953
Usuario_6,2023_W40,0.1770833333333333,26.77954081632653,30.572233333333333,47.5,2023-10-04,1,NO SEDENTARIO,0.673529450964408,-0.6049127085552528,17.7475,-23.445864
Usuario_6,2023_W41,0.1743589743589743,29.491020408163266,31.89998,56.0,2023-10-09,1,NO SEDENTARIO,1.2038508023541932,-0.8514276650612447,25.555422,-16.674294
Usuario_6,2023_W42,0.2555871212121212,18.29487244897959,28.355608333333336,46.5,2023-10-16,1,NO SEDENTARIO,0.9301563962581886,-0.7262569234272918,29.67593,-33.206024
Usuario_6,2023_W43,0.22999999999999998,29.906377551020405,30.372535,46.25,2023-10-23,1,NO SEDENTARIO,1.061849667741847,-0.2625580627744608,30.288591,-29.738005
Usuario_6,2023_W44,0.2141025641025641,29.54372448979592,40.51955,48.25,2023-10-30,1,NO SEDENTARIO,0.9038747980242744,-0.20513368671429622,28.52254,-26.873373
Usuario_6,2023_W45,0.1759259259259259,19.57469387755102,33.0986,50.75,2023-11-06,1,NO SEDENTARIO,0.595614542214369,-1.0040234938570978,20.290483,-32.464912
Usuario_6,2023_W46,0.23499999999999996,26.41670918367347,38.67452916666667,48.5,2023-11-13,1,NO SEDENTARIO,0.9943525668602832,-0.3229327327160545,29.650112,-31.205511
Usuario_6,2023_W47,0.1877804487179487,18.16362244897959,39.6259625,51.5,2023-11-21,1,NO SEDENTARIO,0.5787618804462429,-0.9261343858433597,21.598103,-31.829702
Usuario_6,2023_W48,0.18701388888888887,24.64107142857143,44.979209999999995,48.25,2023-11-27,1,NO SEDENTARIO,0.5028871717813381,-0.4004162111926137,23.024038,-26.15473
Usuario_6,2023_W49,0.2035714285714285,27.55683673469388,43.136300000000006,44.5,2023-12-04,1,NO SEDENTARIO,0.5174509774908137,-0.09867964656658576,24.876818,-26.642086
Usuario_6,2023_W50,0.19027777777777774,27.051632653061226,36.367425,43.5,2023-12-11,1,NO SEDENTARIO,0.45575327167942375,-0.2552367285363921,6.7578998,-36.013126
Usuario_6,2023_W51,0.1476190476190476,24.94719387755102,30.66106,58.0,2023-12-20,1,NO SEDENTARIO,1.0164410293883226,-1.2377769792883215,26.443773,-14.378658
Usuario_6,2023_W52,0.159375,32.30795918367347,31.1538,51.0,2023-12-25,1,NO SEDENTARIO,0.9113949343488424,-0.5702645031677092,21.624008,-18.264355
Usuario_6,2024_W01,0.14358974358974352,4.903801020408164,25.440583333333336,57.25,2024-01-02,1,NO SEDENTARIO,0.4176723665111381,-2.1664550925232238,17.451635,-29.585245
Usuario_6,2024_W02,0.19229166666666664,29.949897959183673,28.532778333333333,51.0,2024-01-08,1,NO SEDENTARIO,1.1047919822176002,-0.6244605623196131,27.027843,-21.608204
Usuario_6,2024_W03,0.1653846153846153,0.2087244897959183,27.30305,48.0,2024-01-15,1,NO SEDENTARIO,-0.13312604721123938,-1.8463959056648187,16.23796,-37.742523
Usuario_6,2024_W04,0.2311111111111111,32.88066326530612,26.563366666666667,62.0,2024-01-25,1,NO SEDENTARIO,2.118969244919285,-0.9165785872654097,30.499672,-20.608652
Usuario_6,2024_W05,0.18,29.268775510204083,48.45485,47.0,2024-01-29,1,NO SEDENTARIO,0.4710626766968536,-0.09938637754830351,24.045504,-24.36769
Usuario_6,2024_W06,0.1754700854700854,15.09173469387755,35.103731249999996,44.375,2024-02-07,1,NO SEDENTARIO,0.06144536877833863,-0.8675019341394583,13.397958,-34.105766
Usuario_6,2024_W07,0.1805555555555555,12.283520408163266,34.9694,51.75,2024-02-12,1,NO SEDENTARIO,0.43569267726105426,-1.3023933195178883,18.577255,-33.623066
Usuario_6,2024_W08,0.1622222222222222,12.208724489795918,33.6813,53.5,2024-02-21,1,NO SEDENTARIO,0.42754921019721487,-1.4655301963100704,17.346058,-31.34161
Usuario_6,2024_W09,0.1708333333333333,15.829897959183674,27.9868,34.5,2024-02-27,1,NO SEDENTARIO,-0.4064559980843003,-0.5565191827002274,-9.423243,-38.70067
Usuario_6,2024_W10,0.1866138763197586,14.347448979591835,31.83428,46.0,2024-03-04,1,NO SEDENTARIO,0.25748581476301824,-1.0054328321889838,14.151046,-34.515263
Usuario_6,2024_W11,0.2177083333333333,32.42964285714286,32.613825,56.0,2024-03-11,1,NO SEDENTARIO,1.5788266254012855,-0.5827220764803434,29.537952,-21.576296
Usuario_6,2024_W12,0.1733333333333333,28.817295918367343,35.0902,44.5,2024-03-20,1,NO SEDENTARIO,0.46971382501131526,-0.3031423451323413,5.1964073,-34.1816
Usuario_6,2024_W13,0.19380341880341875,10.085918367346938,36.37875,49.75,2024-03-28,1,NO SEDENTARIO,0.32408277544833586,-1.2363594342799817,18.306026,-34.907127
Usuario_6,2024_W14,0.15158730158730155,14.026836734693877,31.8371875,52.75,2024-04-01,1,NO SEDENTARIO,0.39458543951780084,-1.4257925959916393,16.7633,-30.754917
Usuario_6,2024_W15,0.1653846153846153,16.36405612244898,28.8119375,53.0,2024-04-08,1,NO SEDENTARIO,0.6196481357080151,-1.3598014235426514,18.400364,-31.76505
Usuario_6,2024_W16,0.1362637362637362,13.184260204081632,32.61423333333333,50.875,2024-04-15,1,NO SEDENTARIO,0.14508439065884943,-1.4074901851507837,15.235924,-29.766312
Usuario_6,2024_W17,0.1476190476190476,15.025255102040816,35.3693,45.5,2024-04-25,1,NO SEDENTARIO,-0.07078489715340541,-0.9988876619065354,11.832553,-27.741888
Usuario_6,2024_W18,0.16602564102564094,12.27612244897959,32.92470625,48.5,2024-04-30,1,NO SEDENTARIO,0.18062168658411892,-1.243549355820377,15.976081,-33.85151
Usuario_6,2024_W19,0.14398692810457508,10.951505102040816,35.456556250000006,53.875,2024-05-07,1,NO SEDENTARIO,0.25941480298581904,-1.5532751551213742,16.577923,-30.288343
Usuario_6,2024_W20,0.1625,12.027602040816328,35.94849583333334,51.0,2024-05-13,1,NO SEDENTARIO,0.24664726225914746,-1.3137415279638938,16.326044,-32.048645
Usuario_6,2024_W21,0.19270833333333331,20.838673469387754,26.421433333333333,53.5,2024-05-20,1,NO SEDENTARIO,1.0067823479869635,-1.1613370266783365,22.799091,-33.372723
Usuario_6,2024_W22,0.1653846153846153,25.658520408163263,32.0863,50.0,2024-05-27,1,NO SEDENTARIO,0.6799135919803097,-0.7675850452181783,18.304577,-21.047737
Usuario_6,2024_W23,0.1314814814814814,16.352295918367346,30.2399,53.0,2024-06-03,1,NO SEDENTARIO,0.3657101742719229,-1.432812153327253,16.03761,-28.904919
Usuario_6,2024_W24,0.17193627450980387,17.052244897959184,32.46212,54.5,2024-06-10,1,NO SEDENTARIO,0.7163113469957112,-1.3026826720602234,19.068867,-31.430912
Usuario_6,2024_W25,0.1653846153846153,24.9575,31.164616666666667,50.0,2024-06-17,1,NO SEDENTARIO,0.672563050977688,-0.8160985532075762,17.98167,-21.061632
Usuario_6,2024_W27,0.1653846153846153,2.7720408163265304,31.82516,46.5,2024-07-01,1,NO SEDENTARIO,-0.20950402548052327,-1.5781762780192152,16.383097,-37.093723
Usuario_6,2024_W28,0.1543589743589743,12.099374999999998,36.2345,41.125,2024-07-08,1,NO SEDENTARIO,-0.37684043468254547,-0.888203208790695,-12.207917,-32.05965
Usuario_6,2024_W29,0.2130952380952381,24.508775510204085,36.2345,47.5,2024-07-15,1,NO SEDENTARIO,0.7660852392575059,-0.4748172589089061,26.438557,-29.844881
Usuario_6,2024_W30,0.08198412698412695,13.836326530612245,41.1490125,46.0,2024-07-22,0,SEDENTARIO,-0.614445610857754,-1.1492036522800257,-5.4687543,-11.366774
Usuario_6,2024_W31,0.1883333333333333,18.874834183673467,32.35713749999999,51.3,2024-07-29,1,NO SEDENTARIO,0.7020267190938458,-1.0359830714902023,20.857603,-32.96361
Usuario_6,2024_W32,0.17222222222222217,16.07436224489796,30.73294166666666,49.0,2024-08-05,1,NO SEDENTARIO,0.3996584782497555,-1.132984281970624,17.065048,-33.44788
Usuario_6,2024_W33,0.1653846153846153,6.014285714285714,31.62955,28.5,2024-08-12,0,SEDENTARIO,-1.139415960371026,-0.6419514090613214,-14.543802,-35.890556
Usuario_6,2024_W34,0.1518518518518518,17.630408163265304,33.6241,47.0,2024-08-19,1,NO SEDENTARIO,0.1492457959892982,-0.9797931387848342,13.003148,-27.581062
Usuario_6,2024_W35,0.1666666666666666,24.68673469387755,33.6241,56.5,2024-08-26,1,NO SEDENTARIO,1.0084344702657693,-1.0631030975482587,26.677816,-16.111923
Usuario_6,2024_W36,0.16425925925925922,18.888137755102044,48.56713333333333,53.5,2024-09-03,1,NO SEDENTARIO,0.4196600227695128,-0.8709202332123098,16.189283,-15.204822
Usuario_6,2024_W37,0.05,3.076989795918367,36.26379,51.5,2024-09-09,1,NO SEDENTARIO,-0.7705701563787556,-2.0442246011300305,0.38034165,-14.968819
Usuario_6,2024_W38,0.15383597883597883,15.67234693877551,36.74775,55.5,2024-09-17,1,NO SEDENTARIO,0.5434021193643532,-1.3711767054053616,17.829264,-30.44406
Usuario_6,2024_W39,0.2154761904761905,23.20688775510204,33.665225,55.0,2024-09-23,1,NO SEDENTARIO,1.2112299136168614,-0.9105045877526274,24.924444,-33.399788
Usuario_6,2024_W40,0.1916666666666666,16.29,37.39533333333333,50.0,2024-09-30,1,NO SEDENTARIO,0.4962987117510202,-0.9722811076634164,21.320004,-32.26455
Usuario_6,2024_W41,0.1928571428571428,28.85857142857143,36.32762,50.0,2024-10-07,1,NO SEDENTARIO,0.9010239816663607,-0.46273331529855904,27.405655,-24.565596
Usuario_6,2024_W42,0.22164351851851843,19.804693877551017,35.44253333333333,52.75,2024-10-14,1,NO SEDENTARIO,0.9948229916588217,-0.8976146953818491,25.389847,-33.06827
Usuario_6,2024_W44,0.1653846153846153,13.35255102040816,33.70535,48.0,2024-10-28,1,NO SEDENTARIO,0.16843278028877667,-1.1617752747171126,15.731279,-33.51314
Usuario_6,2024_W45,0.1564102564102564,28.43831632653061,52.052960000000006,46.0,2024-11-04,1,NO SEDENTARIO,0.17299941297120536,-0.08619937188793945,-5.87962,9.606637
Usuario_6,2024_W46,0.17824519230769226,19.734260204081636,44.478275,49.25,2024-11-11,1,NO SEDENTARIO,0.3591272435856288,-0.6879903273778465,21.835318,-27.014997
Usuario_6,2024_W47,0.2476190476190476,28.069183673469382,37.39846666666667,54.5,2024-11-18,1,NO SEDENTARIO,1.493643111771782,-0.5099317285428413,32.591927,-30.593447
Usuario_6,2024_W48,0.2791666666666667,30.777244897959186,44.88656666666666,48.0,2024-11-25,1,NO SEDENTARIO,1.306577516998597,0.14401539128168517,32.997784,-31.831047
Usuario_6,2024_W49,0.1989850427350427,22.387984693877556,42.280625,46.0,2024-12-02,1,NO SEDENTARIO,0.42836712035390284,-0.4143453941151266,23.665174,-27.597445
Usuario_6,2024_W50,0.1809523809523809,15.968826530612244,33.4133,65.0,2024-12-15,1,NO SEDENTARIO,1.33234065556425,-1.7704216819109109,29.298742,-14.87358
Usuario_6,2024_W51,0.1488888888888888,20.91862244897959,39.512525,50.5,2024-12-16,1,NO SEDENTARIO,0.3403580563489589,-0.8851280046231578,15.913447,-17.067053
Usuario_6,2024_W52,0.14140211640211636,14.482755102040816,34.82257,49.5,2024-12-23,1,NO SEDENTARIO,0.1075751548975832,-1.230378238674823,14.453927,-29.844202
Usuario_6,2025_W01,0.1661111111111111,19.178801020408166,32.29059,48.5,2024-12-31,1,NO SEDENTARIO,0.39972508659247546,-0.9664026736712306,14.906698,-27.214264
Usuario_6,2025_W02,0.16875,30.78683673469388,29.01925,52.5,2025-01-06,1,NO SEDENTARIO,1.0475672195380812,-0.7171021851262727,23.617868,-17.930868
Usuario_6,2025_W03,0.26972222222222225,33.69375,31.82085,50.875,2025-01-13,1,NO SEDENTARIO,1.6915491190493066,-0.16051883203194678,32.13148,-31.813444
Usuario_6,2025_W05,0.1280501089324618,21.565790816326533,42.0168,48.375,2025-01-27,1,NO SEDENTARIO,0.05788634927268442,-0.7739490874361115,12.653657,-17.12236
Usuario_6,2025_W06,0.174074074074074,22.786326530612246,31.02083333333333,61.0,2025-02-03,1,NO SEDENTARIO,1.298544868386401,-1.3755006701214048,28.153656,-14.907406
Usuario_6,2025_W07,0.18559027777777776,32.871275510204086,36.2704125,45.375,2025-02-10,1,NO SEDENTARIO,0.7087074720309725,-0.11060614621926018,26.306923,-25.665802
Usuario_7,2022_W47,0.0777777777777777,12.237758620689656,47.846,38.0,2022-11-23,0,SEDENTARIO,-1.2506618365387168,-0.7331678737860261,-31.080956,-18.792513
Usuario_7,2022_W48,0.1055555555555555,24.05505747126437,53.47825,42.5,2022-11-28,0,SEDENTARIO,-0.5297620762880823,-0.2376065609708889,-13.148111,-9.802733
Usuario_7,2022_W49,0.1166666666666666,20.804310344827588,57.84383333333333,38.5,2022-12-05,0,SEDENTARIO,-0.8469344659595549,-0.07177298366591059,-20.044134,6.691746
Usuario_7,2022_W50,0.0701388888888888,21.67247126436781,62.25686666666667,40.0,2022-12-12,0,SEDENTARIO,-1.1196684629558429,-0.15108556745831014,-26.874182,-1.718186
Usuario_7,2022_W51,0.0777777777777777,24.944885057471264,53.31958333333333,41.5,2022-12-19,0,SEDENTARIO,-0.7478708230727469,-0.24244494457833043,-14.725838,-7.504044
Usuario_7,2022_W52,0.1012820512820512,21.302528735632183,49.98852,44.0,2022-12-26,0,SEDENTARIO,-0.5039058632234621,-0.5052881335224378,-10.929242,-8.662681
Usuario_7,2023_W01,0.0901515151515151,20.865114942528734,50.19152,49.75,2023-01-02,0,SEDENTARIO,-0.2670482110444635,-0.8098202753263728,-5.8583903,-7.077389
Usuario_7,2023_W02,0.1488888888888888,17.638563218390804,41.552,34.0,2023-01-09,0,SEDENTARIO,-0.7347352698877722,-0.24370649324972,-10.318863,-35.36765
Usuario_7,2023_W03,0.2295454545454545,14.98758620689655,24.526475,39.0,2023-01-16,1,NO SEDENTARIO,0.27980210575279396,-0.6877604260718124,0.9252789,-46.6703
Usuario_7,2023_W04,0.075,9.743563218390806,50.4461,34.0,2023-01-23,0,SEDENTARIO,-1.6134362118208745,-0.6138667778572005,-33.10967,-19.316902
Usuario_7,2023_W05,0.274537037037037,15.143678160919539,30.124783333333333,28.375,2023-01-31,1,NO SEDENTARIO,-0.1003201119966255,0.04461590950840272,-0.7841953,-46.28851
Usuario_7,2023_W06,0.1013888888888888,8.257298850574712,44.7639,32.5,2023-02-06,0,SEDENTARIO,-1.4781765299399563,-0.6473884803271381,-30.343412,-22.836094
Usuario_7,2023_W07,0.1666666666666666,16.145689655172415,49.06065,33.5,2023-02-13,0,SEDENTARIO,-0.7998834585827019,-0.07529405324582238,-12.082573,-35.735096
Usuario_7,2023_W08,0.2166666666666666,18.806149425287355,38.204825,33.75,2023-02-20,1,NO SEDENTARIO,-0.19934427481810135,-0.04869709246809341,-1.3390003,-44.302773
Usuario_7,2023_W09,0.1537037037037037,16.338448275862067,43.9821,36.0,2023-02-27,0,SEDENTARIO,-0.6631536186601329,-0.3229180684558577,-11.219291,-34.69667
Usuario_7,2023_W10,0.1935897435897436,17.16045977011494,44.86366666666667,35.0,2023-03-06,0,SEDENTARIO,-0.43576843932318726,-0.1054243852968415,-12.351586,-38.187424
Usuario_7,2023_W11,0.194047619047619,26.56379310344828,48.080825,35.0,2023-03-13,0,SEDENTARIO,-0.1963761009090122,0.3575522240570988,-6.5870795,-41.187595
Usuario_7,2023_W12,0.0989583333333333,15.461724137931034,63.204,39.5,2023-03-20,0,SEDENTARIO,-1.15330128586879,-0.2833498591293463,-23.614094,5.6776257
Usuario_7,2023_W13,0.1592592592592592,10.228505747126436,38.07931428571429,34.25,2023-03-27,0,SEDENTARIO,-0.8214903402744416,-0.6067981677910217,-13.307768,-34.950226
Usuario_7,2023_W14,0.2217948717948717,17.042298850574713,50.43025,36.0,2023-04-03,0,SEDENTARIO,-0.2727678717926073,0.044962009435673855,-12.504666,-39.084373
Usuario_7,2023_W15,0.1197916666666666,14.90574712643678,49.74715,36.5,2023-04-10,0,SEDENTARIO,-0.9968095156178208,-0.38829307741059427,-19.585669,-21.288
Usuario_7,2023_W16,0.1148148148148148,12.870919540229886,43.73493333333334,31.0,2023-04-17,0,SEDENTARIO,-1.3170233939372273,-0.36741916714963363,-30.455235,-23.721142
Usuario_7,2023_W17,0.0933333333333333,12.885459770114943,42.0495,34.5,2023-04-24,0,SEDENTARIO,-1.2377957343068111,-0.6226677906444078,-29.712914,-21.992174
Usuario_7,2023_W18,0.1611111111111111,12.267298850574711,44.44595,30.0,2023-05-01,0,SEDENTARIO,-1.0863488723670462,-0.19405313862788587,-13.018656,-36.326363
Usuario_7,2023_W19,0.15625,16.190517241379307,39.015975,30.5,2023-05-08,0,SEDENTARIO,-0.890486872754018,-0.17849062363279183,-11.008285,-36.49731
Usuario_7,2023_W20,0.1777777777777777,12.035402298850574,43.937025,32.0,2023-05-15,0,SEDENTARIO,-0.857058095458484,-0.25349354464532103,-12.617041,-36.561283
Usuario_7,2023_W21,0.1282051282051282,17.603793103448275,41.0947,35.47,2023-05-22,0,SEDENTARIO,-0.7862996941154393,-0.3825472177779461,-9.862884,-34.152287
Usuario_7,2023_W22,0.1019607843137254,12.367183908045975,34.40795,33.0,2023-05-29,0,SEDENTARIO,-1.1653291769710525,-0.7095045816205723,-28.350227,-24.34235
Usuario_7,2023_W23,0.1645833333333333,12.980977011494254,44.900775,38.0,2023-06-05,0,SEDENTARIO,-0.5895907252765322,-0.5015685593817722,-11.927567,-33.956776
Usuario_7,2023_W24,0.1345238095238095,29.264540229885053,40.8255,32.25,2023-06-12,0,SEDENTARIO,-0.5704075584769518,0.26464616279554287,-6.0077176,-38.263966
Usuario_7,2023_W25,0.1012820512820512,29.921494252873565,38.565775,34.0,2023-06-19,0,SEDENTARIO,-0.6438317532949327,0.06728383807636165,-23.098103,-16.998276
Usuario_7,2023_W26,0.1197916666666666,32.97603448275862,46.92352,35.0,2023-06-26,0,SEDENTARIO,-0.4931621361888338,0.37950627581152163,-25.05975,28.2261
Usuario_7,2023_W27,0.1197916666666666,34.70850574712644,28.860166666666668,36.5,2023-07-03,0,SEDENTARIO,-0.08292063925285237,0.011719040865964342,-12.916998,-23.10377
Usuario_7,2023_W28,0.0896825396825396,20.03379310344828,43.18223333333333,37.5,2023-07-10,0,SEDENTARIO,-0.8915901321030025,-0.44391504916877733,-25.573288,-19.113667
Usuario_7,2023_W29,0.1166666666666666,17.098850574712642,37.458,33.0,2023-07-17,0,SEDENTARIO,-0.967316284951391,-0.403369117371485,-27.670431,-24.025032
Usuario_7,2023_W30,0.0952380952380952,14.515977011494252,44.97865,31.0,2023-07-24,0,SEDENTARIO,-1.4199553503759643,-0.33150957547041515,-31.409678,-23.041964
Usuario_7,2023_W31,0.15583333333333332,36.79008620689655,37.75219166666666,32.0,2023-07-31,0,SEDENTARIO,-0.16476149140768348,0.5925682076305501,-4.2651143,-39.60441
Usuario_7,2023_W32,0.1197916666666666,30.75580459770115,46.81645,31.42,2023-08-07,0,SEDENTARIO,-0.7638236505921062,0.44393023931239656,-24.843666,29.073492
Usuario_7,2023_W33,0.1355555555555555,26.29844827586207,47.3768,34.0,2023-08-14,0,SEDENTARIO,-0.6515083359668589,0.20045275254193484,-23.704197,30.27685
Usuario_7,2023_W34,0.144047619047619,21.70879310344828,43.12365,34.0,2023-08-21,0,SEDENTARIO,-0.6683085482298827,-0.054771928844273274,-8.611552,-34.960526
Usuario_7,2023_W35,0.1477777777777777,22.192126436781606,38.30523333333333,34.5,2023-08-28,0,SEDENTARIO,-0.5269785551745904,-0.14522259105175261,-8.089756,-35.665627
Usuario_7,2023_W36,0.132051282051282,21.44206896551724,53.3129,38.0,2023-09-04,0,SEDENTARIO,-0.6827523122786869,-0.0700407438182457,-18.317305,6.369078
Usuario_7,2023_W37,0.1823529411764705,23.767988505747123,49.609,41.75,2023-09-11,0,SEDENTARIO,0.0025539587509015166,-0.06502511689849966,-4.424467,-29.54302
Usuario_7,2023_W38,0.1425925925925926,17.794482758620692,36.696466666666666,33.75,2023-09-18,0,SEDENTARIO,-0.7143554787026133,-0.34535788314142596,-9.547537,-35.64966
Usuario_7,2023_W39,0.15178571428571425,22.597614942528736,38.85316666666667,32.6392,2023-09-25,0,SEDENTARIO,-0.6020965256831152,-0.02166975059349925,-8.278503,-36.29294
Usuario_7,2023_W40,0.1222222222222222,18.320114942528736,41.987375,28.0,2023-10-02,0,SEDENTARIO,-1.246876640167736,-0.018317237650757948,-31.00773,-24.719961
Usuario_7,2023_W41,0.15,17.53913793103448,44.7515,42.13,2023-10-09,0,SEDENTARIO,-0.3126209952153759,-0.5415341738405226,-7.905791,-28.68342
Usuario_7,2023_W42,0.1666666666666666,15.73505747126437,46.6902,35.5,2023-10-16,0,SEDENTARIO,-0.6620800797795195,-0.23090871178885303,-11.88276,-35.137657
Usuario_7,2023_W43,0.1424242424242424,18.175747126436782,35.6566,36.0,2023-10-23,0,SEDENTARIO,-0.5594376035221698,-0.4518586864661912,-9.379669,-35.019093
Usuario_7,2023_W44,0.1261904761904762,15.202471264367816,42.74266,45.5,2023-10-30,1,NO SEDENTARIO,-0.3230901559379177,-0.9034532767650285,9.902537,-24.50014
Usuario_7,2023_W45,0.1538461538461538,18.842816091954024,38.5287,33.0,2023-11-06,0,SEDENTARIO,-0.6761158716467636,-0.19604606198506316,-9.594572,-36.22069
Usuario_7,2023_W46,0.1197916666666666,10.211091954022988,32.6242,32.0,2023-11-13,0,SEDENTARIO,-1.1389702451464256,-0.7386381819883465,-28.057112,-25.046215
Usuario_7,2023_W47,0.1197916666666666,13.387413793103448,31.511025,36.0,2023-11-20,0,SEDENTARIO,-0.7969406026782635,-0.8068908754844175,-26.846006,-25.25049
Usuario_7,2023_W48,0.125,14.76189655172414,31.8091,37.0,2023-11-27,0,SEDENTARIO,-0.6668824059511214,-0.7719724845278371,-26.556067,-25.404154
Usuario_7,2023_W49,0.1055555555555555,4.679310344827586,38.3652,21.5,2023-12-04,0,SEDENTARIO,-2.0917298697830735,-0.42613567141005165,-33.836254,-24.784487
Usuario_7,2023_W50,0.1027777777777777,16.999885057471264,38.62074,36.25,2023-12-11,0,SEDENTARIO,-0.8967365231338693,-0.5704620998790626,-26.874115,-21.88488
Usuario_7,2023_W51,0.0841666666666666,18.629310344827584,48.357400000000005,37.25,2023-12-18,0,SEDENTARIO,-1.0640816007130929,-0.40132925692190674,-27.630365,-16.094866
Usuario_7,2023_W52,0.1083333333333333,25.21241379310345,41.93476,43.0,2023-12-25,0,SEDENTARIO,-0.2733260416982734,-0.4416877352167645,-12.995518,-16.74104
Usuario_7,2024_W01,0.0923611111111111,21.110632183908045,49.01236,50.0,2024-01-01,0,SEDENTARIO,-0.21242184263869923,-0.8284081215332659,-5.796435,-7.0664816
Usuario_7,2024_W02,0.1027777777777777,24.062873563218396,50.98348333333333,42.0,2024-01-08,0,SEDENTARIO,-0.5396313134056026,-0.2748989246278819,-13.431613,-10.545052
Usuario_7,2024_W03,0.1043478260869565,22.134597701149424,43.33233333333334,37.5,2024-01-15,0,SEDENTARIO,-0.7298551971161039,-0.3084067817032207,-17.842253,-18.564808
Usuario_7,2024_W04,0.1,24.29160919540229,47.8768,44.71,2024-01-22,0,SEDENTARIO,-0.3497383261295447,-0.4589543310835449,-9.796819,-9.710628
Usuario_7,2024_W05,0.0847222222222222,22.151724137931037,60.13388333333333,46.0,2024-01-29,0,SEDENTARIO,-0.6297024674211582,-0.39897808663305573,-14.405122,-1.9338214
Usuario_7,2024_W06,0.0666666666666666,21.91,55.816460000000006,50.0,2024-02-05,0,SEDENTARIO,-0.4665265748124233,-0.7314483380731995,-2.8184898,-6.4099216
Usuario_7,2024_W07,0.0847222222222222,23.00586206896552,55.2874,41.0,2024-02-14,0,SEDENTARIO,-0.8172913170991304,-0.2399753632715903,-15.596661,-7.837727
Usuario_7,2024_W08,0.0798611111111111,19.899425287356323,36.618950000000005,37.0,2024-02-19,0,SEDENTARIO,-0.8927464885064957,-0.5925236791872384,-26.438635,-19.811415
Usuario_7,2024_W09,0.0757575757575757,20.47833333333333,41.38875,39.0,2024-02-26,0,SEDENTARIO,-0.8605458425689166,-0.5712482218185607,-26.55039,-18.313787
Usuario_7,2024_W10,0.1012820512820512,23.672241379310343,47.1022,35.0,2024-03-04,0,SEDENTARIO,-0.9042283800694834,-0.06339450125159418,-21.403627,-17.493126
Usuario_7,2024_W11,0.0977272727272727,19.98155172413793,57.965672,45.5,2024-03-11,0,SEDENTARIO,-0.6023799979607383,-0.4735148895178219,-10.83934,-2.728674
Usuario_7,2024_W12,0.1106666666666666,23.19402298850575,61.48065,40.0,2024-03-18,0,SEDENTARIO,-0.7844819858651652,0.018775316029511088,-18.486382,8.10319
Usuario_7,2024_W13,0.1076388888888889,23.610977011494253,62.29606,44.0,2024-03-25,0,SEDENTARIO,-0.5757449923420614,-0.13463566229470184,-12.27246,3.0698013
Usuario_7,2024_W14,0.1034722222222222,19.86580459770115,49.43115,39.5,2024-04-01,0,SEDENTARIO,-0.7817727589109602,-0.3695708038017427,-16.858187,-15.619196
Usuario_7,2024_W15,0.0878787878787878,21.26448275862069,49.7582,36.0,2024-04-08,0,SEDENTARIO,-1.0515733091506783,-0.19463667409039181,-26.720379,-14.957628
Usuario_7,2024_W16,0.09,22.59293103448276,53.743100000000005,46.0,2024-04-15,0,SEDENTARIO,-0.4840266621638638,-0.49672369455484056,-9.90669,-5.4144845
Usuario_7,2024_W17,0.0986111111111111,22.6498275862069,59.524175,35.75,2024-04-22,0,SEDENTARIO,-1.0974718336839437,0.10900860266005519,-31.952635,1.0503205
Usuario_7,2024_W18,0.0888888888888888,23.33264367816092,45.169514285714286,41.0,2024-04-29,0,SEDENTARIO,-0.6265887654498108,-0.42295325129571826,-13.761896,-14.293705
Usuario_7,2024_W19,0.0916666666666666,22.35614942528736,46.99311666666667,45.0,2024-05-06,0,SEDENTARIO,-0.4354690939770547,-0.5965822319525951,-9.674643,-9.017587
Usuario_7,2024_W20,0.086231884057971,18.831379310344825,56.196525,36.0,2024-05-13,0,SEDENTARIO,-1.2334123070231675,-0.16866487193056068,-30.86685,-0.9528676
Usuario_7,2024_W21,0.0804347826086956,22.466436781609197,67.59423333333332,45.0,2024-05-20,0,SEDENTARIO,-0.8190904864256846,-0.19970355634045933,-16.083635,-0.57531625
Usuario_7,2024_W22,0.1216666666666666,22.234252873563214,55.23526666666667,36.0,2024-05-27,0,SEDENTARIO,-0.8733498712406622,0.06107958765565921,-20.787148,8.132497
Usuario_7,2024_W23,0.1006944444444444,22.009655172413797,36.39035,40.5,2024-06-03,0,SEDENTARIO,-0.4823272225125033,-0.6022292034206069,-14.715864,-19.718054
Usuario_7,2024_W24,0.0971014492753623,23.44028735632184,52.85202,41.0,2024-06-10,0,SEDENTARIO,-0.6827400719170129,-0.23482855424497193,-14.433649,-10.199759
Usuario_7,2024_W25,0.1144927536231884,23.101666666666667,48.17363333333333,39.0,2024-06-17,0,SEDENTARIO,-0.6180784549732912,-0.20412205880099507,-17.891794,-16.737045
Usuario_7,2024_W26,0.08125,23.491954022988505,62.187450000000005,42.0,2024-06-24,0,SEDENTARIO,-0.872920078397192,-0.13197368366434922,-24.94958,-0.37188214
Usuario_7,2024_W27,0.0988095238095238,21.47994252873563,46.3624,36.0,2024-07-01,0,SEDENTARIO,-0.919111556883039,-0.22291177839192264,-21.580807,-18.315815
Usuario_7,2024_W28,0.0891666666666666,22.5435632183908,51.58285,47.0,2024-07-08,0,SEDENTARIO,-0.40143320829301776,-0.5906520307575358,-8.6469,-6.3155613
Usuario_7,2024_W29,0.0969696969696969,23.004885057471263,50.75443333333334,38.0,2024-07-15,0,SEDENTARIO,-0.8370879193355486,-0.16288924026683788,-20.965502,-14.750268
Usuario_7,2024_W30,0.0826388888888888,19.164310344827587,50.75943333333333,34.75,2024-07-22,0,SEDENTARIO,-1.2376930913676505,-0.22210013125477743,-27.474245,-14.963883
Usuario_7,2024_W31,0.0760869565217391,25.31827586206897,35.481515,41.00885,2024-07-29,0,SEDENTARIO,-0.5077902787476921,-0.5788178178265664,-10.463597,-16.148819
Usuario_7,2024_W32,0.0986111111111111,22.931379310344827,45.94734,41.0,2024-08-05,0,SEDENTARIO,-0.583888896724274,-0.39446149392438157,-14.46821,-14.983418
Usuario_7,2024_W33,0.0795454545454545,24.4864367816092,58.8461,46.0,2024-08-12,0,SEDENTARIO,-0.5750763401549981,-0.3431041439070722,-14.519831,-2.48266
Usuario_7,2024_W34,0.0985507246376811,25.40712643678161,52.51433333333333,46.0,2024-08-19,0,SEDENTARIO,-0.3217989811721247,-0.37816486506170377,-8.814625,-7.8292317
Usuario_7,2024_W35,0.1097222222222222,24.63833333333333,43.848040000000005,40.5,2024-08-26,0,SEDENTARIO,-0.4531914043517842,-0.3103834039129607,-14.526208,-17.003609
Usuario_7,2024_W36,0.125,28.623390804597705,61.24583333333333,44.0,2024-09-02,0,SEDENTARIO,-0.28934196641572896,0.10648901994170068,-9.72205,7.864841
Usuario_7,2024_W37,0.1129629629629629,25.12551724137931,32.052,38.29,2024-09-09,0,SEDENTARIO,-0.3652986757167927,-0.42539547431174607,-13.456259,-21.770546
Usuario_7,2024_W38,0.1152777777777777,23.81890804597701,49.73786666666666,38.0,2024-09-16,0,SEDENTARIO,-0.671812439590711,-0.09460588930101886,-18.65584,-16.71741
Usuario_7,2024_W39,0.1101449275362318,24.30563218390805,45.801425,45.0,2024-09-23,0,SEDENTARIO,-0.23201747697815794,-0.48370411218585346,-9.305874,-10.375108
Usuario_7,2024_W40,0.085,22.316896551724135,52.685025,43.5,2024-09-30,0,SEDENTARIO,-0.6538827388345658,-0.4335788531715122,-12.0320635,-6.222139
Usuario_7,2024_W41,0.1035714285714285,20.073735632183908,42.978480000000005,40.0,2024-10-07,0,SEDENTARIO,-0.6490392720771183,-0.5163192717628344,-16.005186,-17.534986
Usuario_7,2024_W42,0.0883333333333333,18.104540229885057,49.77318,44.0,2024-10-14,0,SEDENTARIO,-0.6861243425703764,-0.6830749702767698,-11.088543,-6.91661
Usuario_7,2024_W43,0.1014492753623188,24.067758620689656,50.67735,41.5,2024-10-21,0,SEDENTARIO,-0.5726094908177766,-0.26268883355782435,-13.796694,-10.821724
Usuario_7,2024_W44,0.0920289855072463,23.09275862068965,60.30575,44.0,2024-10-28,0,SEDENTARIO,-0.668337402255837,-0.2445552259450875,-13.243727,-0.88806754
Usuario_7,2024_W45,0.1,19.346666666666664,54.31575,44.0,2024-11-04,0,SEDENTARIO,-0.6370246147898118,-0.5018273895625829,-9.893601,-3.473327
Usuario_7,2024_W46,0.1076388888888889,22.905,42.64764,38.5,2024-11-11,0,SEDENTARIO,-0.616418336444268,-0.32496342891620533,-16.777239,-18.292988
Usuario_7,2024_W47,0.0855072463768115,20.427126436781613,38.82311666666667,45.0,2024-11-18,0,SEDENTARIO,-0.41306640793170835,-0.8651308544860055,-5.571609,-12.395335
Usuario_7,2024_W48,0.0855072463768115,19.06304597701149,40.054966666666665,36.0,2024-11-25,0,SEDENTARIO,-0.9884103001338799,-0.494937661259661,-27.054718,-20.017422
Usuario_7,2024_W49,0.1263157894736842,20.136436781609195,51.14790000000001,41.5,2024-12-02,0,SEDENTARIO,-0.5284822438374689,-0.3432765585642933,-16.954897,4.4354835
Usuario_7,2024_W50,0.1368055555555555,25.881666666666664,46.22632,48.0,2024-12-09,1,NO SEDENTARIO,0.16364596558098632,-0.46246295046427016,13.6064205,-15.695907
Usuario_7,2024_W51,0.1166666666666666,20.370057471264367,46.4435,39.0,2024-12-16,0,SEDENTARIO,-0.6598537729824715,-0.3481232328008022,-17.294044,-17.244797
Usuario_7,2024_W52,0.1416666666666666,23.856666666666666,43.49822857142857,37.5,2024-12-23,0,SEDENTARIO,-0.4247453657536269,-0.12029654684825493,-8.866874,-31.597385
Usuario_7,2025_W01,0.0934782608695652,20.14126436781609,36.8563,38.5,2024-12-30,0,SEDENTARIO,-0.7098611873590834,-0.6034714049803944,-25.622738,-20.452845
Usuario_7,2025_W02,0.1125,26.265632183908043,41.57385,46.0,2025-01-06,0,SEDENTARIO,-0.035649335592389836,-0.526369865201773,8.840852,-16.794603
Usuario_7,2025_W03,0.1513888888888888,24.436781609195403,36.2993,37.5,2025-01-13,0,SEDENTARIO,-0.23227552024376358,-0.2155417125544255,-3.558842,-34.69924
Usuario_7,2025_W04,0.1352941176470588,23.189310344827582,35.10645,29.941699999999997,2025-01-20,0,SEDENTARIO,-0.7951955905142191,-0.003440241297942709,-7.639294,-37.03481
Usuario_7,2025_W05,0.1666666666666666,25.130172413793105,43.13086,38.5449,2025-01-27,0,SEDENTARIO,-0.14966959475612918,-0.04581535478498936,-1.4441735,-33.962593
Usuario_7,2025_W06,0.1588888888888888,23.98057471264368,37.79875,38.25,2025-02-03,0,SEDENTARIO,-0.17435399141336022,-0.21462541090738324,-2.4002702,-34.61947
Usuario_7,2025_W07,0.07717803030303025,11.476896551724138,45.497733333333336,29.5,2025-02-10,0,SEDENTARIO,-1.7293252176451837,-0.4358122378240458,-33.514317,-21.191275
Usuario_8,2021_W25,0.125,23.310817527795948,60.8798,56.0,2021-06-25,1,NO SEDENTARIO,0.24267451430734016,-0.6603146193013965,7.764253,0.3046943
Usuario_8,2021_W26,0.1423611111111111,27.561805101373448,63.87825,43.55,2021-06-28,0,SEDENTARIO,-0.26802869254724976,0.18868787553396082,-9.41621,9.101921
Usuario_8,2021_W27,0.1260416666666666,22.806121648136035,65.788175,44.0,2021-07-05,0,SEDENTARIO,-0.5266926022330338,-0.04083717594234886,-11.590546,8.718816
Usuario_8,2021_W28,0.1234848484848484,29.827652060170045,63.33554,47.0,2021-07-12,0,SEDENTARIO,-0.1228729587181267,0.061731783983966476,-7.4893327,7.6300764
Usuario_8,2021_W29,0.1348484848484848,29.19811641595814,52.4164,34.25,2021-07-19,0,SEDENTARIO,-0.6300953002203041,0.4132057204331288,-22.820482,29.690027
Usuario_8,2021_W30,0.1583333333333333,27.73985611510792,72.41716666666666,32.5,2021-07-26,0,SEDENTARIO,-0.9147457982731941,0.914438017872133,-15.948669,31.750982
Usuario_8,2021_W31,0.0992424242424242,24.58192282537606,50.9679,37.0,2021-08-02,0,SEDENTARIO,-0.8342772140578261,-0.04070758521709891,-21.048475,-15.340995
Usuario_8,2021_W32,0.1547619047619047,24.203793328973184,58.24823333333333,32.0,2021-08-09,0,SEDENTARIO,-0.8616270614576348,0.48443282019324424,-20.059969,31.017817
Usuario_8,2021_W33,0.1745098039215686,28.612478744277304,58.197675,32.0,2021-08-16,0,SEDENTARIO,-0.5922085347087475,0.7280513835075828,-18.770315,32.666904
Usuario_8,2021_W34,0.1583333333333333,27.987390451275346,62.8707,35.0,2021-08-23,0,SEDENTARIO,-0.6203702766194598,0.6157325314013866,-18.068207,30.76081
Usuario_8,2021_W35,0.1916666666666666,28.608868541530413,60.129025,46.5,2021-08-30,1,NO SEDENTARIO,0.3266014447598292,0.1717747213855838,16.406963,-8.326176
Usuario_8,2021_W36,0.20625,28.18851536952257,60.3365,32.0,2021-09-06,0,SEDENTARIO,-0.41995283333980055,0.8500105078255722,-13.692033,33.967472
Usuario_8,2021_W37,0.1677083333333333,26.12007848266841,44.88615,34.7,2021-09-13,0,SEDENTARIO,-0.35921916494317807,0.2069606906642355,-6.179432,-39.847485
Usuario_8,2021_W38,0.1892156862745098,30.825114453891437,54.67686666666666,34.70000000000001,2021-09-20,0,SEDENTARIO,-0.21690673071782252,0.6718539365969123,-12.302027,34.472282
Usuario_8,2021_W39,0.1989583333333333,30.39058207979071,66.28688,38.25,2021-09-27,0,SEDENTARIO,-0.13477246197964288,0.764453540687021,-13.013806,32.963062
Usuario_8,2021_W40,0.1647058823529411,27.699568345323744,60.38916,33.5,2021-10-04,0,SEDENTARIO,-0.6340272845047988,0.6385051099663974,-18.544285,31.700083
Usuario_8,2021_W41,0.1777777777777777,24.75338129496403,68.89788333333333,36.25,2021-10-11,0,SEDENTARIO,-0.6042856247392898,0.6072008048143385,-16.443214,30.493464
Usuario_8,2021_W42,0.159375,26.83348593852191,76.3037,34.7,2021-10-18,0,SEDENTARIO,-0.867538784372673,0.8615984183682865,-15.2960825,30.405945
Usuario_8,2021_W43,0.1555555555555555,43.44476128188359,61.88392,29.5,2021-10-25,0,SEDENTARIO,-0.4716036845149785,1.4820602999698658,-2.0046754,47.296177
Usuario_8,2021_W44,0.1522222222222222,49.40238064094179,68.87793333333333,38.75,2021-11-01,0,SEDENTARIO,0.11049863357424357,1.4537752888327358,3.0245576,37.218346
Usuario_8,2021_W45,0.1352941176470588,26.907573577501637,59.010125,34.0,2021-11-08,0,SEDENTARIO,-0.8099521401369688,0.4658467294341018,-20.725683,29.108894
Usuario_8,2021_W46,0.1375,26.887848266841072,60.02013999999999,32.5,2021-11-15,0,SEDENTARIO,-0.8965682199342708,0.5595503364502712,-20.625156,29.875755
Usuario_8,2021_W47,0.1479166666666666,69.67576193590583,60.6093,30.0,2021-11-22,0,SEDENTARIO,0.31805334486324255,2.5124202192588947,7.3511252,45.673954
Usuario_8,2021_W48,0.1345238095238095,44.25260954872466,66.281925,31.25,2021-11-29,0,SEDENTARIO,-0.5570805362430638,1.4654786398531492,-3.092404,43.2667
Usuario_8,2021_W49,0.1452380952380952,59.63060824068018,71.08768,34.7,2021-12-06,0,SEDENTARIO,0.10710345999584851,2.0890855392797403,3.8337045,43.526268
Usuario_8,2021_W50,0.188235294117647,72.87816873773708,56.99503333333333,42.75,2021-12-13,0,SEDENTARIO,1.4757116159601584,2.124038063974885,12.035594,43.945255
Usuario_8,2021_W51,0.17,57.32656638325703,50.3042,41.0,2021-12-20,0,SEDENTARIO,0.8805316379899907,1.3555754884442253,9.544456,39.16778
Usuario_8,2021_W52,0.1555555555555555,55.3207063440157,55.86265,34.0,2021-12-27,0,SEDENTARIO,0.23631315260174407,1.6554671573070994,4.8554907,42.020485
Usuario_8,2022_W01,0.1461538461538461,54.76504905166775,63.6867,32.5,2022-01-03,0,SEDENTARIO,-0.04854867529746948,1.8326372244258293,2.3116713,44.157578
Usuario_8,2022_W02,0.1372549019607843,26.36803139306737,56.749425,34.5,2022-01-10,0,SEDENTARIO,-0.7501981687115933,0.3799922915675019,-21.281956,29.345566
Usuario_8,2022_W03,0.1595238095238095,53.16436886854154,56.155,25.0,2022-01-17,0,SEDENTARIO,-0.32170991706663504,1.9848896778995528,0.73900545,47.791157
Usuario_8,2022_W04,0.1214285714285714,48.81166775670373,51.30663333333333,44.5,2022-01-24,0,SEDENTARIO,0.4756319091337749,0.7160250521844818,9.495209,25.023476
Usuario_8,2022_W05,0.21,66.06770438194899,52.77726666666666,24.5,2022-01-31,0,SEDENTARIO,0.4366727505229418,2.631413114821488,6.284521,51.38256
Usuario_8,2022_W06,0.1846153846153846,57.55322432962721,54.87302,42.753917,2022-02-07,0,SEDENTARIO,1.019141283837956,1.4252316967246423,10.339597,38.968445
Usuario_8,2022_W07,0.2287878787878788,58.28034009156311,59.2142,33.0,2022-02-14,0,SEDENTARIO,0.719514795802448,2.11422340693209,7.712132,50.1461
Usuario_8,2022_W08,0.2441176470588235,71.52994113799869,72.22641999999999,33.25,2022-02-21,0,SEDENTARIO,1.044051016044552,2.974963376863115,10.272173,48.93097
Usuario_8,2022_W09,0.2260416666666666,70.37593198168737,69.31892500000001,34.0,2022-02-28,0,SEDENTARIO,0.9720920848934619,2.7784387325124884,9.928934,48.478424
Usuario_8,2022_W10,0.1933333333333333,58.81773708306082,65.40740000000001,33.5,2022-03-07,0,SEDENTARIO,0.42849869806697277,2.135830175649583,7.122953,48.09397
Usuario_8,2022_W11,0.2125,55.29805101373447,57.7508,31.5,2022-03-14,0,SEDENTARIO,0.45383470204750015,1.9766411374555397,6.408199,49.769688
Usuario_8,2022_W12,0.21875,51.218574231523874,69.11253333333333,41.15,2022-03-21,0,SEDENTARIO,0.7548468897646838,1.627972698844105,1.4461297,34.734135
Usuario_8,2022_W13,0.2470588235294117,54.9734466971877,66.5652,31.75,2022-03-28,0,SEDENTARIO,0.5622383289360794,2.2381493469418587,8.140608,50.891747
Usuario_8,2022_W14,0.2333333333333333,41.32954872465664,63.48363333333333,38.75,2022-04-04,0,SEDENTARIO,0.5025486899943628,1.2471943448341722,0.26823515,34.298653
Usuario_8,2022_W15,0.1238095238095238,52.79403531720078,61.07277500000001,34.7,2022-04-11,0,SEDENTARIO,-0.0958262690320766,1.5302402817175225,-0.21423386,42.53242
Usuario_8,2022_W16,0.1770833333333333,56.63277959450621,47.92256,38.5,2022-04-18,0,SEDENTARIO,0.8006679950242961,1.4101673137243202,9.278451,39.99434
Usuario_8,2022_W17,0.2416666666666666,58.22037933289732,67.14403333333333,34.0,2022-04-25,0,SEDENTARIO,0.7437887282596676,2.269797227528315,8.593256,50.40362
Usuario_8,2022_W18,0.2490196078431372,62.4714715500327,60.06094,34.0,2022-05-02,0,SEDENTARIO,1.0294322765315984,2.3240456267146206,9.061907,50.14768
Usuario_8,2022_W19,0.219298245614035,71.28538914323087,53.85124,39.0,2022-05-09,0,SEDENTARIO,1.4726611101776295,2.25311386036362,11.398374,43.88956
Usuario_8,2022_W20,0.2049019607843137,35.266762589928064,61.64686666666668,32.625,2022-05-16,0,SEDENTARIO,-0.19881517880231225,1.1425139996233236,-13.708694,34.73255
Usuario_8,2022_W21,0.209375,56.88779594506213,55.98542,27.5,2022-05-23,0,SEDENTARIO,0.2780275168683899,2.176193704036811,5.97449,50.376053
Usuario_8,2022_W22,0.2177083333333333,58.87727926749509,65.983775,30.5,2022-05-30,0,SEDENTARIO,0.4166537456690021,2.3576294059245533,7.446939,49.65812
Usuario_8,2022_W23,0.2010416666666666,48.65867887508176,62.3441875,32.0,2022-06-06,0,SEDENTARIO,0.13389558775777105,1.735871633531868,4.225747,49.339382
Usuario_8,2022_W24,0.1852941176470588,52.85206017004578,74.1718,28.5,2022-06-13,0,SEDENTARIO,-0.22544888694085424,2.2656002324559816,2.972979,47.527756
Usuario_8,2022_W25,0.2266666666666666,48.83615434924787,59.030725,28.58,2022-06-20,0,SEDENTARIO,0.16866764154346414,1.9047033611899207,4.967068,50.224785
Usuario_8,2022_W26,0.178125,54.93655984303466,62.69196,34.0,2022-06-27,0,SEDENTARIO,0.2763971940196233,1.848499398057178,5.5630083,43.378475
Usuario_8,2022_W27,0.1348484848484848,49.80965336821452,68.67705000000001,24.5,2022-07-04,0,SEDENTARIO,-0.8093012706522856,2.0509788084495786,-3.0327175,46.084072
Usuario_8,2022_W28,0.1552083333333333,58.645703073904514,65.046875,30.0,2022-07-11,0,SEDENTARIO,-0.03274886438129973,2.162733858025568,4.063268,45.56203
Usuario_8,2022_W29,0.1784313725490196,47.79275343361674,49.3616,40.0,2022-07-18,0,SEDENTARIO,0.6065286899248178,1.0055835718455117,9.965752,32.89792
Usuario_8,2022_W30,0.1472222222222222,45.51298888162197,57.93702,37.5,2022-07-25,0,SEDENTARIO,0.05159674744413163,1.104886732544126,-0.75505275,38.91068
Usuario_8,2022_W31,0.119298245614035,47.35440156965337,67.1343,37.5,2022-08-01,0,SEDENTARIO,-0.22224349847472136,1.2884087857551874,-2.5876012,34.581177
Usuario_8,2022_W32,0.1377777777777777,25.082589928057555,59.2552,48.0,2022-08-08,0,SEDENTARIO,-0.04998973316858943,-0.2236571613955195,-6.3544602,7.886633
Usuario_8,2022_W33,0.1477777777777777,50.145716154349245,63.40110000000001,43.0,2022-08-15,0,SEDENTARIO,0.4284437373826891,1.1685147480215896,5.0875196,33.95845
Usuario_8,2022_W34,0.1577777777777777,38.38105951602355,60.5639,45.75,2022-08-22,0,SEDENTARIO,0.34095201937805764,0.5228260778989173,11.732377,18.683996
Usuario_8,2022_W35,0.1588888888888888,47.13098757357751,54.23,43.0,2022-08-29,0,SEDENTARIO,0.5512733465164463,0.8856326419003007,7.896047,31.575312
Usuario_8,2022_W36,0.1635416666666666,61.02508829300197,54.401340000000005,46.0,2022-09-05,0,SEDENTARIO,1.173016218273747,1.3529077704791204,10.963105,38.815456
Usuario_8,2022_W37,0.1666666666666666,52.27427076520602,54.07622,40.0,2022-09-12,0,SEDENTARIO,0.5907060347600928,1.255958075499874,8.31646,38.081257
Usuario_8,2022_W38,0.15,52.644865925441465,69.47193999999999,41.0,2022-09-19,0,SEDENTARIO,0.3133863218807504,1.4950916264063552,4.5398626,36.898773
Usuario_8,2022_W39,0.1588888888888888,49.22202746893394,62.7775,40.125,2022-09-26,0,SEDENTARIO,0.32125280811127976,1.278680526169922,4.129245,35.3348
Usuario_8,2022_W40,0.1480392156862745,38.19458469587966,66.0103,36.0,2022-10-03,0,SEDENTARIO,-0.3718002569816231,1.0338447978690704,-3.5393178,37.402782
Usuario_8,2022_W41,0.1589743589743589,44.13090909090909,57.832575,35.375,2022-10-10,0,SEDENTARIO,-0.029938438182063862,1.1749579840969941,-1.4567691,39.418343
Usuario_8,2022_W42,0.1644444444444444,36.62320470896011,57.69863333333333,37.8,2022-10-17,0,SEDENTARIO,-0.07886662463094855,0.7649063601717438,-7.992243,35.44361
Usuario_8,2022_W43,0.1510416666666666,49.34864617396992,51.18635,33.25,2022-10-24,0,SEDENTARIO,0.052037174348584556,1.3277663215692814,0.8802175,41.45879
Usuario_8,2022_W44,0.1466666666666666,34.37028122956181,63.86282,28.75,2022-10-31,0,SEDENTARIO,-0.8799216291837721,1.148484777864695,-18.030657,34.457462
Usuario_8,2022_W45,0.1625,27.273041203400915,68.27029999999999,31.5,2022-11-07,0,SEDENTARIO,-0.8952180893808379,0.8662752819384598,-16.568197,32.46992
Usuario_8,2022_W46,0.1843137254901961,30.73480706344016,62.542175,33.0,2022-11-14,0,SEDENTARIO,-0.4689533121576933,0.8919062773996567,-14.825791,33.814537
Usuario_8,2022_W47,0.1552083333333333,59.0172400261609,60.67660000000001,32.0,2022-11-21,0,SEDENTARIO,0.15883385134521694,1.998622108694288,4.85693,44.69949
Usuario_8,2022_W48,0.1574074074074074,28.074506213211247,60.50536666666667,42.5,2022-11-28,0,SEDENTARIO,-0.15888175457251386,0.23266571354264332,-8.902684,10.237903
Usuario_8,2022_W49,0.1333333333333333,41.25446697187704,74.68492499999999,29.0,2022-12-05,0,SEDENTARIO,-0.9113484220034732,1.6102234179652049,-4.139014,44.733593
Usuario_8,2022_W50,0.1708333333333333,58.74129496402878,64.34385,36.0,2022-12-12,0,SEDENTARIO,0.4313609319992863,1.9312241866255828,6.237082,42.56755
Usuario_8,2022_W51,0.1722222222222222,59.41383911052976,60.34484,34.0,2022-12-19,0,SEDENTARIO,0.40686235510284535,1.970295916491601,6.3395786,43.424587
Usuario_8,2022_W52,0.1488888888888888,27.943649444081096,56.758500000000005,28.5,2022-12-26,0,SEDENTARIO,-0.9666625677838572,0.7494127675785656,-21.108963,32.852383
Usuario_8,2023_W01,0.1458333333333333,43.75021582733813,56.69892,26.0,2023-01-02,0,SEDENTARIO,-0.6513458172265718,1.5147418673784288,-1.6128055,48.22036
Usuario_8,2023_W02,0.1809523809523809,27.491327665140616,56.1149,38.375,2023-01-09,0,SEDENTARIO,-0.18554835492132982,0.3724975373552821,-11.169727,34.071606
Usuario_8,2023_W03,0.1822916666666666,47.840104643557886,62.295300000000005,24.5,2023-01-16,0,SEDENTARIO,-0.44809532435971416,1.979054331785297,0.26853752,48.71087
Usuario_8,2023_W04,0.1395833333333333,48.74872465663832,69.5967,32.7832,2023-01-23,0,SEDENTARIO,-0.34839956384594145,1.66966961937541,-2.0105953,43.522545
Usuario_8,2023_W05,0.1822222222222222,52.91986919555265,66.07123333333334,43.0,2023-01-30,0,SEDENTARIO,0.7080359111870446,1.4439647912427633,2.7607036,35.123615
Usuario_8,2023_W06,0.146078431372549,24.819986919555262,82.16612,42.5,2023-02-06,0,SEDENTARIO,-0.6609839005671508,0.5098002650303914,-17.654907,23.205908
Usuario_8,2023_W07,0.1333333333333333,46.99552648790058,65.92232,29.5,2023-02-13,0,SEDENTARIO,-0.5770150036455141,1.6478688495791896,-2.783356,44.102352
Usuario_8,2023_W08,0.1489583333333333,50.57402223675605,69.52851666666668,30.5,2023-02-20,0,SEDENTARIO,-0.3587137950598836,1.8751545421492621,-1.6089494,44.381256
Usuario_8,2023_W09,0.1470588235294117,47.61480706344016,60.5165875,40.5,2023-02-27,0,SEDENTARIO,0.24711938356837443,1.1120383578179804,5.286417,33.020657
Usuario_8,2023_W10,0.16,56.57062132112491,68.46572857142857,30.0,2023-03-06,0,SEDENTARIO,-0.11422617220911144,2.1606814973720523,3.4468298,45.83167
Usuario_8,2023_W11,0.1774509803921568,29.18456507521256,68.06892,32.2,2023-03-13,0,SEDENTARIO,-0.6918726130971159,0.9561534811176124,-15.982129,33.14764
Usuario_8,2023_W12,0.1598039215686274,42.9685284499673,64.07205,38.0,2023-03-20,0,SEDENTARIO,-0.0030050933687268133,1.1404008925693576,-1.5139903,37.28291
Usuario_8,2023_W13,0.2197916666666666,63.36591236102027,69.33137142857143,36.0,2023-03-27,0,SEDENTARIO,0.8314525496918508,2.376031031459101,9.283781,49.0696
Usuario_8,2023_W14,0.1480392156862745,41.00054937867887,62.7009875,32.5909,2023-04-03,0,SEDENTARIO,-0.43231064973661665,1.235575444038351,-3.8744254,39.8166
Usuario_8,2023_W15,0.1529411764705882,26.2985480706344,76.91051999999999,36.5,2023-04-10,0,SEDENTARIO,-0.8338095180824159,0.7519025225107998,-15.213529,29.571865
Usuario_8,2023_W16,0.1431372549019607,51.02194898626553,78.23078571428572,30.0,2023-04-17,0,SEDENTARIO,-0.5446206842963583,2.0787589730204705,-1.5870297,45.298733
Usuario_8,2023_W17,0.1712962962962963,56.92656638325703,82.80475714285714,42.0,2023-04-24,0,SEDENTARIO,0.4454035240339755,1.970148715055232,4.2474194,38.24775
Usuario_8,2023_W18,0.15,29.48745585349901,67.06793333333333,30.0,2023-05-01,0,SEDENTARIO,-0.9815696555432717,0.9638231326592415,-17.226377,33.49903
Usuario_8,2023_W19,0.1676470588235294,59.99497710922171,56.7081625,36.0,2023-05-08,0,SEDENTARIO,0.5624290889345183,1.8163905163336336,6.8532414,41.973526
Usuario_8,2023_W20,0.1647058823529411,51.24013080444735,57.44041428571428,29.0,2023-05-15,0,SEDENTARIO,-0.13472322859869829,1.76754956948459,1.121435,46.67247
Usuario_8,2023_W21,0.125,61.29444081098757,68.16923333333334,35.75,2023-05-22,0,SEDENTARIO,0.12300013439233438,1.9908120996419898,3.8369548,42.995556
Usuario_8,2023_W22,0.165625,43.44664486592544,74.94676666666666,38.4034,2023-05-29,0,SEDENTARIO,-0.08925217016858779,1.3848905844964785,-0.26974562,36.151455
Usuario_8,2023_W23,0.1395833333333333,30.36688031393067,63.94014,36.58,2023-06-05,0,SEDENTARIO,-0.6022852336194083,0.6108041728611147,-17.152452,26.338833
Usuario_8,2023_W24,0.178125,48.96020928711576,76.3915,34.5,2023-06-12,0,SEDENTARIO,-0.08208757781466461,1.8584001094454419,2.0084746,39.31881
Usuario_8,2023_W25,0.1572916666666666,38.93038587311968,62.91406666666666,25.5,2023-06-19,0,SEDENTARIO,-0.841007526837895,1.497605660408972,-2.4798193,48.381435
Usuario_8,2023_W26,0.1785714285714285,34.18793982995422,60.6738,34.0,2023-06-26,0,SEDENTARIO,-0.3183220917061145,0.9363895067875467,-14.436221,34.436043
Usuario_8,2023_W27,0.1888888888888888,68.06231523871811,62.82794,32.3172,2023-07-03,0,SEDENTARIO,0.6490219803761342,2.510335952023758,8.694321,46.952164
Usuario_8,2023_W28,0.1422222222222222,28.338312622629168,71.60364,40.0,2023-07-10,0,SEDENTARIO,-0.5650859149465561,0.5392398732637937,-16.36249,24.66839
Usuario_8,2023_W29,0.1470588235294117,56.56868541530413,68.61521428571429,32.25,2023-07-17,0,SEDENTARIO,-0.07624903300096106,2.0242320943541636,3.298059,44.37368
Usuario_8,2023_W30,0.137037037037037,32.127874427730546,72.89291428571428,39.5,2023-07-24,0,SEDENTARIO,-0.5338997346496097,0.7318424676840993,-15.793632,24.238773
Usuario_8,2023_W31,0.1342592592592592,34.125781556572925,70.3411875,37.0,2023-07-31,0,SEDENTARIO,-0.5972199349500953,0.866321447056402,-14.928777,24.285816
Usuario_8,2023_W32,0.1578431372549019,57.03089601046435,65.23387142857142,38.0,2023-08-07,0,SEDENTARIO,0.3918143469484719,1.7493317100317753,5.528469,39.822407
Usuario_8,2023_W33,0.1453703703703703,43.29156311314585,65.4890375,35.5,2023-08-14,0,SEDENTARIO,-0.256556202916324,1.2515064950961734,-2.5921872,38.10102
Usuario_8,2023_W34,0.1513888888888888,45.40593852190975,60.41816666666667,41.0,2023-08-21,0,SEDENTARIO,0.24001008638541743,1.0078999586259243,4.7259054,32.72109
Usuario_8,2023_W35,0.1519607843137254,43.85585349901897,61.31191666666667,40.0102,2023-08-28,0,SEDENTARIO,0.12685104538533754,1.0071950292171863,3.9694386,33.095375
Usuario_8,2023_W36,0.1813725490196078,49.63636363636363,66.55493750000001,39.5,2023-09-04,0,SEDENTARIO,0.39505828518651137,1.4698038958468551,2.342653,35.926964
Usuario_8,2023_W37,0.1572916666666666,53.2390320470896,79.39812857142856,31.0,2023-09-11,0,SEDENTARIO,-0.34089495117884033,2.193982785610721,-0.7357763,45.40093
Usuario_8,2023_W38,0.137037037037037,29.28371484630477,67.01581666666667,37.0,2023-09-18,0,SEDENTARIO,-0.674743966766078,0.6024796136724473,-16.730448,26.084623
Usuario_8,2023_W39,0.1133333333333333,48.47424460431655,70.8711111111111,30.0,2023-09-25,0,SEDENTARIO,-0.7150068075609926,1.7298060088026876,-3.474073,44.282196
Usuario_8,2023_W40,0.138235294117647,47.594192282537605,63.789125,33.0,2023-10-02,0,SEDENTARIO,-0.2927518241143601,1.4873151852005586,-1.7505351,42.55402
Usuario_8,2023_W41,0.1458333333333333,56.23952910398953,68.09747999999999,40.0,2023-10-09,0,SEDENTARIO,0.35709753289713875,1.6498175843393041,5.1081605,37.659943
Usuario_8,2023_W42,0.1555555555555555,30.97815565729235,75.60501111111111,32.0,2023-10-16,0,SEDENTARIO,-0.9123440958217396,1.1303910780767834,-15.321392,31.920452
Usuario_8,2023_W43,0.153921568627451,46.42108567691301,56.04236666666666,35.0,2023-10-23,0,SEDENTARIO,0.010270735217238577,1.235694418484294,-0.57595146,40.071785
Usuario_8,2023_W44,0.1568627450980392,43.40389797253106,64.4809625,38.0,2023-10-30,0,SEDENTARIO,-0.016113472517680943,1.1582959658688188,-1.4523462,37.275
Usuario_8,2023_W45,0.2,57.06071942446043,59.93431428571428,32.0,2023-11-06,0,SEDENTARIO,0.41740239175149246,2.035894076429916,6.532485,49.06478
Usuario_8,2023_W46,0.1666666666666666,30.264957488554607,66.1263375,24.0,2023-11-13,0,SEDENTARIO,-1.1734357870657144,1.2951996608079779,-17.686228,35.411022
Usuario_8,2023_W47,0.159375,29.82969260954873,63.8841,36.0,2023-11-20,0,SEDENTARIO,-0.5154392151511888,0.6725575313748036,-17.616827,30.669355
Usuario_8,2023_W48,0.1791666666666666,41.05192936559843,54.54058333333333,37.0,2023-11-27,0,SEDENTARIO,0.1577030206062281,0.9657089952422511,-6.723973,36.03952
Usuario_8,2023_W49,0.1822222222222222,43.63212557226945,59.2451,33.0,2023-12-04,0,SEDENTARIO,-0.04318829946800319,1.3592814448613366,-2.4115613,40.442257
Usuario_8,2023_W50,0.1822916666666666,30.4989928057554,52.84174285714285,37.0,2023-12-11,0,SEDENTARIO,-0.11481808595660369,0.4966187675073867,-10.98839,34.530605
Usuario_8,2023_W51,0.175,50.67992151733159,60.97893333333334,31.0,2023-12-18,0,SEDENTARIO,-0.01991493529810122,1.7588397924724442,1.6264714,46.122612
Usuario_8,2023_W52,0.1622222222222222,46.175958142576846,60.8837,26.0,2023-12-25,0,SEDENTARIO,-0.5287009894296991,1.7525313490965195,-0.7906438,48.166008
Usuario_8,2024_W01,0.1455555555555555,46.966697187704376,60.35764,35.0,2024-01-01,0,SEDENTARIO,-0.0954319821180395,1.322680071116685,-1.0638376,40.30047
Usuario_8,2024_W02,0.1676470588235294,49.96661870503597,63.26088571428571,39.0,2024-01-08,0,SEDENTARIO,0.33203648702963995,1.3965755387609202,3.466709,36.09334
Usuario_8,2024_W03,0.1627450980392157,31.38113799869196,63.3934,32.0,2024-01-15,0,SEDENTARIO,-0.6671280431634159,0.9164130030923705,-17.434092,32.988426
Usuario_8,2024_W04,0.1441176470588235,37.11063440156966,60.09474285714286,31.5,2024-01-22,0,SEDENTARIO,-0.6001791677185346,1.0551739088322938,-5.0127106,39.869377
Usuario_8,2024_W05,0.1470588235294117,42.6724395029431,61.314414285714285,35.0,2024-01-29,0,SEDENTARIO,-0.22954754009327083,1.1665765138651303,-2.4861898,38.976944
Usuario_8,2024_W06,0.1588235294117647,26.42129496402877,73.44655,32.0,2024-02-05,0,SEDENTARIO,-0.9954413204572891,0.904140093488687,-15.715762,31.442543
Usuario_8,2024_W07,0.1479166666666666,28.380483976455203,56.986900000000006,31.0,2024-02-12,0,SEDENTARIO,-0.8203346315573768,0.6578886950103764,-20.767904,31.823263
Usuario_8,2024_W08,0.159375,49.48677567037279,57.50613333333333,33.0,2024-02-19,0,SEDENTARIO,0.0038264967853759296,1.5005202015461947,1.2757127,42.417572
Usuario_8,2024_W09,0.1791666666666666,45.58671026814911,69.9127,41.0,2024-02-26,0,SEDENTARIO,0.2927364730250465,1.2954629757223004,1.3939253,35.780483
Usuario_8,2024_W10,0.1760416666666666,38.17663832570307,72.4112,34.0,2024-03-04,0,SEDENTARIO,-0.39154613962630236,1.339094896921148,-15.255888,35.791153
Usuario_8,2024_W11,0.175,30.94456507521256,71.25054285714286,27.5,2024-03-11,0,SEDENTARIO,-0.9724643732638013,1.298465852371618,-16.908915,34.734123
Usuario_8,2024_W12,0.1488095238095238,49.54265533028123,74.77496666666667,27.0,2024-03-18,0,SEDENTARIO,-0.6703963255583198,2.0962214765292386,-2.359231,45.586548
Usuario_8,2024_W13,0.1345238095238095,47.01587965990844,71.41681428571428,29.5,2024-03-25,0,SEDENTARIO,-0.6509477028242537,1.7659393025508576,-2.964084,44.68147
Usuario_8,2024_W14,0.1111111111111111,53.94474820143885,57.55543333333333,40.71,2024-04-01,0,SEDENTARIO,0.2492655768549369,1.1991563698256869,6.13867,27.029268
Usuario_8,2024_W15,0.1645833333333333,49.76654022236756,63.28828571428572,38.0,2024-04-08,0,SEDENTARIO,0.24731510789109618,1.424184071160013,3.2921183,36.48427
Usuario_8,2024_W16,0.1589743589743589,60.62529758011773,58.70055,30.0,2024-04-15,0,SEDENTARIO,0.14848253297026304,2.1259899090610306,5.334193,45.37334
Usuario_8,2024_W17,0.1425925925925926,49.88515369522564,56.15325,40.0,2024-04-22,0,SEDENTARIO,0.3223123565350098,1.1260758562502464,6.6579876,32.095146
Usuario_8,2024_W18,0.1627450980392157,54.53436232831916,60.20666,31.0,2024-04-29,0,SEDENTARIO,0.024506431505460904,1.8679184924684518,2.2392879,45.40662
Usuario_8,2024_W19,0.1844444444444444,49.46694571615435,59.167942857142855,26.5,2024-05-06,0,SEDENTARIO,-0.2224792454687155,1.8998666580925605,0.9164425,48.60225
Usuario_8,2024_W20,0.2,78.20185742315239,63.5157,38.0,2024-05-13,0,SEDENTARIO,1.3472036390139448,2.730150098180544,11.359378,45.2202
Usuario_8,2024_W21,0.1654761904761904,53.63029431000654,70.86622857142858,36.5,2024-05-20,0,SEDENTARIO,0.17042542961805612,1.8129246427816605,3.326637,38.8258
Usuario_8,2024_W22,0.1877777777777777,73.6126618705036,62.38278888888889,43.0,2024-05-27,0,SEDENTARIO,1.4280436042807307,2.2537764878773454,12.026657,44.322323
Usuario_8,2024_W23,0.1571428571428571,56.81276651406148,56.71713999999999,40.0,2024-06-03,0,SEDENTARIO,0.6231603639277693,1.4725851895691147,7.9097967,38.930107
Usuario_8,2024_W24,0.15,46.93922825376063,53.80424000000001,41.5,2024-06-10,0,SEDENTARIO,0.4051080483164295,0.9090199242795602,7.523513,31.279928
Usuario_8,2024_W25,0.1407407407407407,24.163348593852188,67.5564,38.0,2024-06-17,0,SEDENTARIO,-0.7552633322169354,0.36501500668761344,-16.908081,27.419073
Usuario_8,2024_W26,0.1552083333333333,49.16300850228908,69.3597,37.0,2024-06-24,0,SEDENTARIO,0.016205194422930072,1.5408419834993043,2.528156,37.659473
Usuario_8,2024_W27,0.2148148148148148,60.71283191628516,61.7144,33.0,2024-07-01,0,SEDENTARIO,0.6598711208763558,2.2260680591547923,7.818632,49.258717
Usuario_8,2024_W28,0.1823529411764705,50.99892740353172,55.39983333333333,34.0,2024-07-08,0,SEDENTARIO,0.29588590562442724,1.5449839824813778,2.8235338,41.82027
Usuario_8,2024_W29,0.1571428571428571,55.25457161543493,61.066375,31.0,2024-07-15,0,SEDENTARIO,-0.004980457671510494,1.89909386943962,2.5235274,45.11963
Usuario_8,2024_W30,0.1980392156862745,58.16622629169392,41.104075,34.0,2024-07-22,0,SEDENTARIO,0.835421845382015,1.5976692665486674,9.548571,41.13372
Usuario_8,2024_W31,0.14,51.502890778286464,57.95818571428571,31.0,2024-07-29,0,SEDENTARIO,-0.18913255994514827,1.625593069368651,0.77381283,43.509
Usuario_8,2024_W32,0.1604166666666666,57.89253106605625,55.99087777777778,35.5,2024-08-05,0,SEDENTARIO,0.43143878002157793,1.713797143884837,6.267863,41.677128
Usuario_8,2024_W33,0.1354166666666666,22.675369522563766,77.21615,34.7,2024-08-12,0,SEDENTARIO,-1.1711671764718137,0.6336584946286941,-15.407514,28.707102
Usuario_8,2024_W34,0.1648148148148148,51.98147809025507,82.8056,33.0,2024-08-19,0,SEDENTARIO,-0.2641950226159187,2.1449245036575397,-0.4626925,45.177353
Usuario_8,2024_W35,0.1520833333333333,57.10775670372792,72.053175,32.0,2024-08-26,0,SEDENTARIO,-0.09159779512665901,2.1442720894465825,3.4942472,44.61297
Usuario_8,2024_W36,0.1675438596491228,39.18864617396991,62.7929,37.5,2024-09-02,0,SEDENTARIO,-0.07384013318813751,1.0007737764050992,-4.3818374,36.871586
Usuario_8,2024_W37,0.1404761904761904,51.14642249836494,53.945166666666665,33.5,2024-09-09,0,SEDENTARIO,0.006932243510820349,1.4173824474075492,0.66720986,41.96367
Usuario_8,2024_W38,0.1796296296296296,46.07649444081098,63.2442625,36.0,2024-09-16,0,SEDENTARIO,0.12470885022157431,1.4028715895860162,0.31582412,37.788364
Usuario_8,2024_W39,0.1694444444444444,34.8621582733813,69.530775,31.0,2024-09-23,0,SEDENTARIO,-0.6655340111387232,1.254423940568594,-16.050798,34.55612
Usuario_8,2024_W40,0.1511111111111111,51.59900588620013,63.0755,40.0,2024-09-30,0,SEDENTARIO,0.32832518362903196,1.3668805465570164,4.7721305,35.822685
Usuario_8,2024_W41,0.1759259259259259,58.58213211249183,68.138675,28.0,2024-10-07,0,SEDENTARIO,-0.05393991853081548,2.3757039705497163,3.8794844,46.95551
Usuario_8,2024_W42,0.15,51.07144538914322,61.24135,31.0,2024-10-14,0,SEDENTARIO,-0.18315306464053865,1.7054660174251,1.0452925,44.337475
Usuario_8,2024_W43,0.1604166666666666,66.25517331589273,68.294175,27.0,2024-10-21,0,SEDENTARIO,0.012566308604305562,2.6992756461978926,6.192712,46.364773
Usuario_8,2024_W44,0.1722222222222222,54.68913015042512,49.39171428571428,36.5,2024-10-28,0,SEDENTARIO,0.5718782753925145,1.4335993617199811,8.641714,40.251038
Usuario_8,2024_W45,0.1525641025641025,68.3527011118378,68.92195000000001,31.0,2024-11-04,0,SEDENTARIO,0.2419768433925213,2.5980678509544277,6.858237,46.140972
Usuario_8,2024_W46,0.1625,67.84251144538915,57.0806,30.0,2024-11-11,0,SEDENTARIO,0.4154964729513278,2.4063180443926226,7.6969233,45.47338
Usuario_8,2024_W47,0.1592592592592592,53.463073904512754,57.37088,38.5,2024-11-18,0,SEDENTARIO,0.44048148080230803,1.4187487290178808,7.27501,38.57428
Usuario_8,2024_W48,0.1888888888888888,63.75921517331589,69.16815,33.0,2024-11-25,0,SEDENTARIO,0.46243069838351897,2.430170850476345,8.076784,47.542156
Usuario_8,2024_W49,0.1611111111111111,56.67155003270111,61.79193333333333,37.0,2024-12-02,0,SEDENTARIO,0.3978334713625635,1.7175576991981896,6.058972,40.754322
Usuario_8,2024_W50,0.190625,57.61124918247221,60.8184,38.0,2024-12-09,0,SEDENTARIO,0.7002557027816033,1.7810709444379214,7.705575,42.070164
Usuario_8,2024_W51,0.16,65.34409417920209,54.1627,32.0,2024-12-16,0,SEDENTARIO,0.48121910702070286,2.1441420006567107,7.429804,44.80777
Usuario_8,2024_W52,0.1763888888888889,55.0282275997384,62.33217499999999,26.0,2024-12-23,0,SEDENTARIO,-0.18552525663346942,2.197041201891163,1.8287477,48.054733
Usuario_8,2025_W01,0.2180555555555555,66.50239372138654,61.1238,30.0,2024-12-30,0,SEDENTARIO,0.6943850913700339,2.6008553389609594,8.491014,48.818058
Usuario_8,2025_W02,0.1893939393939394,67.43623283191629,64.90655,33.0,2025-01-06,0,SEDENTARIO,0.641349426717089,2.498039887672805,8.68778,47.181004
Usuario_8,2025_W03,0.1635416666666666,77.11727926749509,62.371675,34.7,2025-01-13,0,SEDENTARIO,0.8929871115466689,2.698594004782716,10.269568,45.651417
Usuario_8,2025_W04,0.184375,85.7633485938522,65.32254999999999,42.0,2025-01-20,0,SEDENTARIO,1.6710782036386425,2.859490390966407,12.115998,45.340298
Usuario_8,2025_W05,0.15,87.98780902550686,50.5316,43.0,2025-01-27,0,SEDENTARIO,1.783001977243595,2.4989160527875054,12.733388,45.29658
Usuario_8,2025_W06,0.1888888888888888,67.88714192282536,45.5561,42.0,2025-02-03,1,NO SEDENTARIO,1.4582960741508015,1.7132492166359226,11.731372,42.47144
Usuario_8,2025_W07,0.14791666666666664,47.388698495748855,77.92978333333333,49.0,2025-02-10,0,SEDENTARIO,0.47092514101524124,1.0855526399561104,1.4240203,31.206646
Usuario_8,2025_W08,0.1552083333333333,9.631893786788751,49.0161,42.5,2025-02-17,0,SEDENTARIO,-0.5593472946604784,-0.7863969959350607,-6.791711,-27.490835
Usuario_8,2028_W06,0.1552083333333333,9.631893786788751,47.5006,31.0,2028-02-11,0,SEDENTARIO,-1.1952399917597307,-0.3040384961073074,-13.3087015,-36.199074
Usuario_9,2018_W44,0.0916666666666666,36.79228109313999,102.55886666666667,45.0,2018-10-31,0,SEDENTARIO,-0.8347532054560134,1.159084994813955,-21.788881,18.592827
Usuario_9,2018_W45,0.1,36.47892916899052,75.531,46.5,2018-11-05,0,SEDENTARIO,-0.29447421624820863,0.5450337920439652,-18.718084,17.962496
Usuario_9,2018_W46,0.0956521739130434,37.1302175125488,92.7579,57.0,2018-11-12,0,SEDENTARIO,0.037618866289212696,0.4465492191912806,-22.627777,17.418571
Usuario_9,2018_W47,0.0956521739130434,37.88171779141104,67.19445,52.5,2018-11-19,0,SEDENTARIO,0.18737622515657404,0.15045596978523515,6.1222777,10.618199
Usuario_9,2018_W48,0.1,36.59645287228109,67.6616875,44.5,2018-11-26,0,SEDENTARIO,-0.2870310257025075,0.47656478640462036,-12.51616,16.455082
Usuario_9,2018_W49,0.1157894736842105,33.9075962074735,80.46706666666667,36.5,2018-12-03,0,SEDENTARIO,-0.9113087034926539,1.0333095462062363,-16.332962,21.461206
Usuario_9,2018_W50,0.1294117647058823,21.42041271611824,70.68385,34.25,2018-12-10,0,SEDENTARIO,-1.1777243913647473,0.4478653675282717,-15.812222,28.264076
Usuario_9,2018_W51,0.1222222222222222,35.49287228109314,64.57858999999999,35.0,2018-12-17,0,SEDENTARIO,-0.6660569088912134,0.8576883873458006,-12.902945,23.16767
Usuario_9,2018_W52,0.1375,31.91375348577803,57.1724,45.0,2018-12-24,0,SEDENTARIO,0.014430792927247346,0.1534401088181007,-6.7984414,10.293034
Usuario_9,2019_W01,0.1294117647058823,47.78177356385946,45.8844,40.0,2018-12-31,0,SEDENTARIO,0.3229604132887445,0.7856610318207702,9.993652,27.449509
Usuario_9,2019_W02,0.1222222222222222,47.17996653653096,46.0684625,44.5,2019-01-07,0,SEDENTARIO,0.5105067926123249,0.5415299760528229,10.220589,25.471243
Usuario_9,2019_W03,0.1157894736842105,38.8829894032348,56.6569,45.0,2019-01-14,0,SEDENTARIO,0.0845558052841839,0.37023023695042917,4.5924935,17.73935
Usuario_9,2019_W04,0.0956521739130434,45.40867819297267,76.60046666666666,39.0,2019-01-21,0,SEDENTARIO,-0.49958104490354627,1.2642540560322448,-18.719614,20.739088
Usuario_9,2019_W05,0.1,32.75538204127161,58.3708,38.5,2019-01-28,0,SEDENTARIO,-0.6071493647218948,0.39106135397511027,-9.322159,18.888285
Usuario_9,2019_W06,0.0916666666666666,34.489949804796424,63.252,39.0,2019-02-04,0,SEDENTARIO,-0.656512088182576,0.5174663874867975,-9.732241,20.121958
Usuario_9,2019_W07,0.0956521739130434,25.34777467930842,90.448275,46.0,2019-02-11,0,SEDENTARIO,-0.9143879041566672,0.3951314194110351,-21.129074,16.947983
Usuario_9,2019_W08,0.0916666666666666,34.932426101505854,95.5386,45.0,2019-02-18,0,SEDENTARIO,-0.7853959975949532,0.9357599119376674,-21.479094,18.2767
Usuario_9,2019_W09,0.1,28.964551031790297,86.67255,46.75,2019-02-25,0,SEDENTARIO,-0.6753407000244669,0.44858247914012855,-20.940636,17.319975
Usuario_9,2019_W10,0.093659420289855,31.154735080870054,91.56113125,49.450392,2019-03-04,0,SEDENTARIO,-0.5713441638610722,0.5019895715310616,-21.750494,17.498339
Usuario_9,2019_W30,0.1375,30.869157836029,83.96412000000001,40.0,2019-07-26,0,SEDENTARIO,-0.7068324443692396,0.886982835903084,-17.26284,22.841112
Usuario_9,2019_W31,0.0956521739130434,34.097802565532625,81.71799999999999,43.0,2019-07-29,0,SEDENTARIO,-0.6899212635921085,0.7162055409477635,-19.77674,18.308111
Usuario_9,2019_W32,0.11,25.832905744562183,73.21236,39.25,2019-08-05,0,SEDENTARIO,-0.9286899393204262,0.4037630853637598,-16.059074,18.663834
Usuario_9,2019_W33,0.0956521739130434,41.49858337981037,66.08099999999999,35.0813,2019-08-12,0,SEDENTARIO,-0.6840837697473253,1.0574714885757246,-7.838878,23.636354
Usuario_9,2019_W34,0.0956521739130434,30.315359732292247,65.00105,36.5,2019-08-19,0,SEDENTARIO,-0.9251331190805908,0.5019211558199173,-13.1828575,20.170998
Usuario_9,2019_W35,0.1,36.784294478527606,68.98582,42.0,2019-08-26,0,SEDENTARIO,-0.44447020810013504,0.6235151462259816,-12.988736,17.267939
Usuario_9,2019_W36,0.0956521739130434,39.61066369213608,81.77043333333333,40.0,2019-09-02,0,SEDENTARIO,-0.6956476408425473,1.082911726577505,-18.64509,20.23737
Usuario_9,2019_W37,0.0956521739130434,34.59408812046849,70.3635,36.0,2019-09-09,0,SEDENTARIO,-0.9049476981257915,0.814920241685329,-14.259631,20.946598
Usuario_9,2019_W38,0.0956521739130434,31.007651979921924,81.5495,37.0,2019-09-16,0,SEDENTARIO,-1.124608434736701,0.8509114002922697,-16.508411,20.823458
Usuario_9,2019_W39,0.1,43.37026213050753,59.047975,36.87,2019-09-23,0,SEDENTARIO,-0.389346966317762,0.9238426283623102,-5.8731003,24.066969
Usuario_9,2019_W40,0.0956521739130434,33.43562744004461,86.62364,45.25,2019-09-30,0,SEDENTARIO,-0.6549271084153389,0.6893326748579716,-20.633902,17.935087
Usuario_9,2019_W41,0.0956521739130434,33.78248745119911,72.8206,38.1768,2019-10-07,0,SEDENTARIO,-0.8418167387121243,0.7344009209881173,-14.85614,20.400705
Usuario_9,2019_W42,0.1125,31.104829894032356,63.101375,38.75,2019-10-14,0,SEDENTARIO,-0.6284289542587217,0.44600732136176874,-12.086755,20.313282
Usuario_9,2019_W43,0.1557971014492753,37.280267707752365,72.82894,43.75,2019-10-21,0,SEDENTARIO,-0.005092778992387428,0.8136098434610515,-0.55263424,29.593084
Usuario_9,2019_W44,0.1359649122807017,49.97099832682654,71.8801,45.375,2019-10-28,0,SEDENTARIO,0.3507050660742528,1.194881999742782,2.243343,31.490822
Usuario_9,2019_W45,0.1095238095238095,33.4772559955382,55.09468,42.0,2019-11-04,0,SEDENTARIO,-0.2703141770839759,0.22595891280325592,-3.4526486,16.408333
Usuario_9,2019_W46,0.0794117647058823,22.763547127718905,81.30088333333333,42.75,2019-11-11,0,SEDENTARIO,-1.152276413821641,0.19367454691537733,-19.801819,15.349062
Usuario_9,2019_W47,0.1259259259259259,37.83268265476855,64.58323333333333,45.0,2019-11-18,0,SEDENTARIO,0.0028487295031471987,0.5205392611143675,4.214195,20.347158
Usuario_9,2019_W48,0.1523809523809524,41.097512548800886,69.82000000000001,37.5,2019-11-25,0,SEDENTARIO,-0.2256165634055092,1.1806589521180741,-2.5016532,36.74618
Usuario_9,2019_W49,0.1421052631578947,36.47593976575572,66.09295,48.0,2019-12-02,0,SEDENTARIO,0.22164503091682952,0.40945164437599424,10.983056,17.427916
Usuario_9,2019_W50,0.1219696969696969,32.71964305633017,52.81289999999999,41.0,2019-12-09,0,SEDENTARIO,-0.23098513654822747,0.22907126342070194,-2.5879278,16.517485
Usuario_9,2019_W51,0.1239130434782608,40.188823201338536,76.3764,45.0,2019-12-16,0,SEDENTARIO,-0.11710092195149441,0.8573647882106596,-18.470148,18.608885
Usuario_9,2019_W52,0.0851851851851851,47.25126603457892,53.162220000000005,44.25,2019-12-23,0,SEDENTARIO,0.13803338817347183,0.5909179065521328,6.7947435,24.228241
Usuario_9,2020_W01,0.1111111111111111,44.11176798661461,56.164366666666666,48.0,2019-12-30,0,SEDENTARIO,0.3900758789308651,0.43163110439400404,8.36049,15.942981
Usuario_9,2020_W02,0.1333333333333333,42.42244283324038,71.88735,35.9701,2020-01-06,0,SEDENTARIO,-0.43464512380538656,1.290085242561205,-2.9126048,36.084946
Usuario_9,2020_W03,0.16792328042328042,34.932738427216954,51.509726666666666,38.375,2020-01-14,0,SEDENTARIO,0.019855866000562786,0.5506775167182107,-9.278723,34.910538
Usuario_9,2020_W04,0.1366666666666666,29.7666034578918,67.8051,45.0,2020-01-20,0,SEDENTARIO,-0.21631190325729904,0.28061873708019813,-8.790473,8.545009
Usuario_9,2020_W05,0.0927536231884058,28.469336307863912,72.93413333333334,43.8039,2020-01-27,0,SEDENTARIO,-0.7019084232364303,0.25344135536242757,-18.002235,15.499637
Usuario_9,2020_W06,0.1118055555555555,29.924238706079198,54.23982,38.0,2020-02-03,0,SEDENTARIO,-0.5785067674898695,0.24455241224612084,-8.667874,16.80815
Usuario_9,2020_W07,0.1066666666666666,27.916698271054106,68.12908333333333,41.5,2020-02-10,0,SEDENTARIO,-0.6830375522690068,0.27564229653495037,-15.536713,16.182924
Usuario_9,2020_W08,0.0805555555555555,28.39616285554936,72.52568571428571,42.5,2020-02-17,0,SEDENTARIO,-0.8561653932284845,0.2634485066729238,-18.345627,15.17514
Usuario_9,2020_W09,0.0951388888888888,35.27223647518126,58.0975,48.25,2020-02-24,0,SEDENTARIO,-0.0016519287704926527,0.040989561935020596,5.439987,7.403514
Usuario_9,2020_W10,0.0901515151515151,38.78335750139431,57.2032,44.75,2020-03-02,0,SEDENTARIO,-0.11651139219748914,0.31133959717994997,3.9018679,14.939757
Usuario_9,2020_W11,0.1246666666666666,22.280468488566648,54.876225,40.25,2020-03-09,0,SEDENTARIO,-0.6025761276254429,-0.1252200079349323,-17.085897,6.1835465
Usuario_9,2020_W12,0.0640350877192982,24.45876185164529,61.41816,45.0,2020-03-16,0,SEDENTARIO,-0.7780839002509251,-0.2930904884978085,-16.860893,-1.8228211
Usuario_9,2020_W13,0.073076923076923,26.12537646402677,63.944525,45.0,2020-03-23,0,SEDENTARIO,-0.7037555687396894,-0.14360681901405614,-16.341473,-1.1944888
Usuario_9,2020_W14,0.069298245614035,19.716363636363635,64.87622,49.0,2020-03-30,0,SEDENTARIO,-0.7085609270145125,-0.5836538217717269,-16.79331,-3.5973861
Usuario_9,2020_W15,0.05,14.763324037925264,59.0964,41.0,2020-04-06,0,SEDENTARIO,-1.3618553063203434,-0.6120104670062216,-23.298714,-6.1194386
Usuario_9,2020_W16,0.10625,25.838973786949246,49.16828,47.0,2020-04-13,0,SEDENTARIO,-0.14837797410096262,-0.4507163396828532,-8.304197,-9.055617
Usuario_9,2020_W17,0.1154761904761904,34.54590072504183,57.5765,41.0,2020-04-20,0,SEDENTARIO,-0.2918464051868498,0.3847690799058635,-3.7081525,17.391737
Usuario_9,2020_W18,0.1909722222222222,44.24379252649192,50.59617166666667,47.25,2020-04-27,1,NO SEDENTARIO,0.9816240141358005,0.5959058226650602,24.49755,19.725925
Usuario_9,2020_W19,0.1189393939393939,34.80249860568878,53.74196666666666,40.0,2020-05-04,0,SEDENTARIO,-0.2599344922729988,0.37134119372228813,-2.599514,17.701221
Usuario_9,2020_W20,0.1442028985507246,35.77691020635806,72.037975,38.0,2020-05-11,0,SEDENTARIO,-0.44742238881809815,0.9560427591546372,-14.929242,24.65343
Usuario_9,2020_W21,0.1098039215686274,33.12049079754601,72.02423999999999,39.25,2020-05-18,0,SEDENTARIO,-0.6915227359222996,0.6847760696576635,-14.665939,19.672106
Usuario_9,2020_W22,0.1145833333333333,41.65354155047407,59.27852,45.5,2020-05-25,0,SEDENTARIO,0.14935648803252816,0.5148826112168803,6.2065597,17.700315
Usuario_9,2020_W23,0.1673913043478261,35.055125488008926,49.0031,36.5,2020-06-01,0,SEDENTARIO,-0.04975023386732498,0.5861339632379265,-9.3801565,34.89262
Usuario_9,2020_W24,0.169047619047619,43.89916341327384,77.6262,45.5,2020-06-08,0,SEDENTARIO,0.31403165587447057,1.1526155233618633,0.80734926,31.248285
Usuario_9,2020_W25,0.1423611111111111,47.91808142777467,60.18678,44.0,2020-06-15,0,SEDENTARIO,0.42958058434291585,0.9474753184467828,5.4230194,31.521183
Usuario_9,2020_W26,0.1072463768115942,33.55988845510318,67.96628000000001,39.75,2020-06-22,0,SEDENTARIO,-0.606012119285693,0.5892805978566236,-13.87974,18.894136
Usuario_9,2020_W27,0.1065217391304347,36.37728945900725,71.85496666666667,36.0,2020-06-29,0,SEDENTARIO,-0.7990013416684377,0.9534007555560311,-14.577956,21.367594
Usuario_9,2020_W28,0.1211538461538461,46.56977133296151,51.811675,41.0,2020-07-06,0,SEDENTARIO,0.19780307058897467,0.7877973659770046,8.497532,26.433058
Usuario_9,2020_W29,0.1069444444444444,45.66799776910206,54.74609999999999,49.0,2020-07-13,0,SEDENTARIO,0.4872911759150304,0.41047073717781285,8.899083,15.616898
Usuario_9,2020_W30,0.1063492063492063,45.44156162855549,58.1276,41.0,2020-07-20,0,SEDENTARIO,-0.032762286623886624,0.8264557807912682,4.675967,25.448849
Usuario_9,2020_W31,0.0681818181818181,43.81456776352482,67.38391666666666,51.5,2020-07-27,0,SEDENTARIO,0.11880641183143444,0.36561620722113325,6.53408,11.608034
Usuario_9,2020_W32,0.0888888888888888,35.0466034578918,66.25228,43.5,2020-08-03,0,SEDENTARIO,-0.44607992837376875,0.393527774527532,-12.013462,16.132542
Usuario_9,2020_W33,0.1106060606060606,38.34391522587842,49.59041666666667,47.25,2020-08-10,0,SEDENTARIO,0.2679871278851223,0.08533084824004156,12.683066,11.435714
Usuario_9,2020_W34,0.1097222222222222,37.53740100390407,67.38283333333334,49.0,2020-08-17,0,SEDENTARIO,0.06996094609393012,0.33858061486292734,5.440719,10.926131
Usuario_9,2020_W35,0.0977272727272727,31.693117679866145,56.69512000000001,39.0,2020-08-24,0,SEDENTARIO,-0.6010068899745394,0.2826016532214768,-9.024777,18.365232
Usuario_9,2020_W36,0.1406666666666666,46.4352035694367,59.61574,43.0,2020-08-31,0,SEDENTARIO,0.32440413525496664,0.9129345003371694,5.5192056,31.299797
Usuario_9,2020_W37,0.1729166666666666,44.92667038482989,49.5159,39.0,2020-09-07,0,SEDENTARIO,0.42240717226236485,0.9164316960679024,9.95931,32.667294
Usuario_9,2020_W38,0.1090277777777777,43.96341327384272,58.748866666666665,47.0,2020-09-14,0,SEDENTARIO,0.27514453322269444,0.5172472609699004,7.703094,16.405563
Usuario_9,2020_W39,0.1365079365079365,46.99868377021751,47.174933333333335,41.75,2020-09-21,0,SEDENTARIO,0.4286442366206749,0.7226381710866534,10.322385,26.840158
Usuario_9,2020_W40,0.1666666666666666,45.91567205800335,46.94615,41.0,2020-09-28,0,SEDENTARIO,0.5627978569692724,0.7966858975447624,10.105718,32.12404
Usuario_9,2020_W41,0.1118055555555555,43.033218070273286,64.47696666666667,41.0,2020-10-05,0,SEDENTARIO,-0.16388628943670847,0.8730088642598559,2.6392126,24.544733
Usuario_9,2020_W42,0.1104166666666666,46.68189626324596,51.19318333333334,43.5,2020-10-12,0,SEDENTARIO,0.28019971926316195,0.6357240557874007,8.62834,24.990496
Usuario_9,2020_W43,0.1125,38.1750808700502,56.96852,43.0,2020-10-19,0,SEDENTARIO,-0.07864153194618595,0.42637129767681364,3.5249472,18.259113
Usuario_9,2020_W44,0.0868055555555555,35.96524261015059,50.43113333333334,49.25,2020-10-26,0,SEDENTARIO,0.13494734700265743,-0.15819665039721195,10.797759,5.057452
Usuario_9,2020_W45,0.1180555555555555,35.14672615727831,59.16329,45.0,2020-11-02,0,SEDENTARIO,-0.05076836969562855,0.2719135920242014,3.4152155,19.297354
Usuario_9,2020_W46,0.1059523809523809,48.529525934188506,60.8545,42.5,2020-11-09,0,SEDENTARIO,0.10288205328047849,0.9443873741869282,5.217245,26.230438
Usuario_9,2020_W47,0.1123188405797101,42.46384829894033,50.2095,44.0,2020-11-16,0,SEDENTARIO,0.20896751146681375,0.42155746974435965,8.574583,22.421053
Usuario_9,2020_W48,0.0920289855072463,41.92771890686001,61.13248,49.0,2020-11-23,0,SEDENTARIO,0.1758280585622216,0.34051128568014655,6.842927,12.452923
Usuario_9,2020_W49,0.1096491228070175,38.66587841606247,56.208075,45.0,2020-11-30,0,SEDENTARIO,0.04270346910376353,0.33334407157968143,4.379543,17.106901
Usuario_9,2020_W50,0.1022727272727272,38.81226993865031,55.28869999999999,44.0,2020-12-07,0,SEDENTARIO,-0.04680178707853197,0.3429474609311081,3.774388,16.20677
Usuario_9,2020_W51,0.0909090909090909,36.81842721695482,46.27385,51.7216,2020-12-14,1,NO SEDENTARIO,0.39300982450062744,-0.3063824968591586,12.3694315,4.565667
Usuario_9,2020_W52,0.0772727272727272,27.20116006692694,57.80176666666667,46.7,2020-12-21,0,SEDENTARIO,-0.4526348088244538,-0.2887575053857664,0.9777815,2.5613658
Usuario_9,2020_W53,0.072463768115942,32.4977579475739,50.10366666666667,43.0,2020-12-28,0,SEDENTARIO,-0.4212694120034228,-0.07463278039918293,0.7450412,10.534665
Usuario_9,2021_W01,0.0782608695652174,36.67243725599554,45.98088,48.3,2021-01-04,0,SEDENTARIO,0.11043003569266573,-0.20380450232060998,11.691474,5.400538
Usuario_9,2021_W02,0.0993055555555555,38.51448968209705,59.98195,52.0,2021-01-11,0,SEDENTARIO,0.31146000220823483,0.061210019728040244,6.8091474,10.357695
Usuario_9,2021_W03,0.1090277777777777,34.042654768544345,47.5947,46.0,2021-01-18,0,SEDENTARIO,0.08540457884895696,-0.08556602816542104,9.907934,8.046983
Usuario_9,2021_W04,0.11875,43.04530953708868,37.8404,42.0,2021-01-25,0,SEDENTARIO,0.34220865639195286,0.2988773379902519,12.46793,26.27555
Usuario_9,2021_W05,0.0895833333333333,36.721472392638034,51.02554,45.5,2021-02-01,0,SEDENTARIO,-0.0468834260293481,0.06174014507562961,2.6514685,11.995689
Usuario_9,2021_W06,0.1151515151515151,45.186837702175126,52.1638,41.0,2021-02-08,0,SEDENTARIO,0.10954582566604835,0.7189112024106548,8.093694,25.982498
Usuario_9,2021_W07,0.1268115942028985,47.65291689905187,47.26346,41.5,2021-02-15,0,SEDENTARIO,0.36642077121775884,0.7339368389351748,9.787854,26.6632
Usuario_9,2021_W08,0.1398550724637681,47.30119353039598,47.017925000000005,42.0,2021-02-22,0,SEDENTARIO,0.47739867083288273,0.7310079480872005,10.500042,27.135504
Usuario_9,2021_W09,0.1033333333333333,39.78462911321808,47.1406925,36.5,2021-03-01,0,SEDENTARIO,-0.31705550915465097,0.553504467737667,-2.9654534,22.537985
Usuario_9,2021_W10,0.1125,38.19248187395427,57.81112,38.25,2021-03-08,0,SEDENTARIO,-0.36286969267762237,0.6567089462044462,-4.5527134,23.413181
Usuario_9,2021_W11,0.1313333333333333,42.73954266592303,52.01465,43.5,2021-03-15,0,SEDENTARIO,0.29167195981222327,0.5500411419129632,9.842859,22.463472
Usuario_9,2021_W12,0.1257575757575757,39.25287228109314,51.72725,43.0,2021-03-22,0,SEDENTARIO,0.123631966741601,0.4031630006298059,1.6807487,18.053484
Usuario_9,2021_W13,0.2148148148148148,47.76116006692693,39.98385,44.0,2021-03-29,1,NO SEDENTARIO,1.2249009692781292,0.7411500103401611,26.40605,18.798454
Usuario_9,2021_W14,0.1486111111111111,42.92957055214724,48.941366666666674,42.0,2021-04-05,0,SEDENTARIO,0.37604149686653,0.6134765831084139,11.899896,23.008894
Usuario_9,2021_W15,0.122463768115942,45.08551031790296,59.98935,41.0,2021-04-12,0,SEDENTARIO,0.03875187256906697,0.8985047396399073,3.6893525,25.28864
Usuario_9,2021_W16,0.115,35.15573898494144,61.3586,38.5,2021-04-19,0,SEDENTARIO,-0.4767649986686429,0.5988489328090867,-11.057512,21.44018
Usuario_9,2021_W17,0.1340277777777777,35.928477412158394,52.27445,38.58,2021-04-26,0,SEDENTARIO,-0.1818038629535254,0.49714425465965434,-2.1200109,19.317318
Usuario_9,2021_W18,0.0933333333333333,32.018070273285,54.5905,46.0,2021-05-03,0,SEDENTARIO,-0.18862215034486568,-0.07318495726441686,3.3254209,6.1248837
Usuario_9,2021_W19,0.1368055555555555,45.17073061907418,60.037675,47.0,2021-05-10,0,SEDENTARIO,0.4824545501582405,0.6782355761027596,8.667753,18.263063
Usuario_9,2021_W20,0.1272727272727272,40.45568321249303,48.08248,45.25,2021-05-17,0,SEDENTARIO,0.3541531179018673,0.28237315156480475,13.820201,13.604392
Usuario_9,2021_W21,0.1138888888888888,29.396809815950924,51.48845,41.0,2021-05-24,0,SEDENTARIO,-0.36696575145284516,0.037754128262927705,-3.4890432,14.365065
Usuario_9,2021_W22,0.10162337662337655,33.144852203011716,63.037441666666666,44.5,2021-05-31,0,SEDENTARIO,-0.3108126740733628,0.24080401006789398,-12.434195,15.158353
Usuario_9,2021_W23,0.1,30.693006134969323,45.93188,52.0,2021-06-07,1,NO SEDENTARIO,0.29089335285085827,-0.5558757320848114,14.14659,0.66769534
Usuario_9,2021_W24,0.1225,41.482253206915786,57.41116666666667,44.0,2021-06-14,0,SEDENTARIO,0.14055375618256777,0.5599009775082173,5.5408587,18.864843
Usuario_9,2021_W25,0.0825,34.08580033463469,65.226125,46.25,2021-06-21,0,SEDENTARIO,-0.34594311904714914,0.18986735874589267,-11.038879,14.916962
Usuario_9,2021_W26,0.1371212121212121,40.42271054099275,60.4692,43.0,2021-06-28,0,SEDENTARIO,0.1052632597767676,0.6673090715902326,4.148756,22.196259
Usuario_9,2021_W27,0.1151515151515151,38.14094813162298,45.584175,42.5,2021-07-05,0,SEDENTARIO,0.08118477893672564,0.21981271547269726,0.091647856,17.027079
Usuario_9,2021_W28,0.142063492063492,36.77081985499163,54.94981666666666,49.0,2021-07-12,1,NO SEDENTARIO,0.45528189286470305,0.14659323337710337,11.994868,14.77225
Usuario_9,2021_W29,0.0953703703703703,28.14112660345789,65.56743333333334,50.4,2021-07-19,0,SEDENTARIO,-0.20523935824931827,-0.19946790725856517,5.641233,1.8203721
Usuario_9,2021_W30,0.1180555555555555,32.571422197434465,56.82487999999999,43.5,2021-07-26,0,SEDENTARIO,-0.17945600574288237,0.18236044471500984,-4.117895,15.81945
Usuario_9,2021_W31,0.1158333333333333,25.759598438371444,46.81515,45.0,2021-08-02,0,SEDENTARIO,-0.16431640992895652,-0.38453131703679294,-8.99397,-10.595264
Usuario_9,2021_W32,0.0978260869565217,30.874110429447857,50.180200000000006,49.0,2021-08-09,0,SEDENTARIO,0.04571668151326867,-0.3329417709205885,7.9895773,5.920049
Usuario_9,2021_W33,0.1057971014492753,29.73880646960401,53.10344,47.5,2021-08-16,0,SEDENTARIO,-0.06400290759889729,-0.22918660596923865,6.4507675,5.9405403
Usuario_9,2021_W34,0.1519607843137254,30.903379810373675,54.23013333333333,42.0,2021-08-23,0,SEDENTARIO,-0.04471493662852749,0.22767768648337128,-7.873559,11.094912
Usuario_9,2021_W35,0.1166666666666666,39.47359732292247,60.43023333333334,41.0,2021-08-30,0,SEDENTARIO,-0.17746596425104763,0.6543989760371611,2.3328254,22.678814
Usuario_9,2021_W36,0.1474358974358974,44.64004461795873,41.1058,45.5,2021-09-06,1,NO SEDENTARIO,0.7381889318856536,0.36341010258304046,19.406704,19.051779
Usuario_9,2021_W37,0.1597222222222222,43.8505298382599,41.1058,43.0,2021-09-13,1,NO SEDENTARIO,0.6551986851134531,0.47889595563914605,19.617668,19.704689
Usuario_9,2021_W38,0.1340579710144927,43.570641383156726,49.73336666666668,51.0,2021-09-20,1,NO SEDENTARIO,0.7994095641178686,0.2109578700028535,19.21283,11.404441
Usuario_9,2021_W39,0.1613636363636363,41.88827663134412,50.2299,50.0,2021-09-27,1,NO SEDENTARIO,0.8706505611499975,0.27740486151355603,19.449682,15.246281
Usuario_9,2021_W40,0.146031746031746,43.050842163971,43.287775,44.0,2021-10-04,1,NO SEDENTARIO,0.5617055226020341,0.40454613557059976,18.903763,19.50304
Usuario_9,2021_W41,0.1677083333333333,59.13610708310095,34.34565,39.5,2021-10-11,1,NO SEDENTARIO,1.0739031726645625,1.1616667219221792,10.45539,40.695316
Usuario_9,2021_W42,0.1206349206349206,41.37311767986615,41.5092,47.0,2021-10-18,1,NO SEDENTARIO,0.5356604788701917,0.08682341156823167,15.225872,11.730783
Usuario_9,2021_W43,0.1182539682539682,50.5570105967652,36.50793333333333,49.25,2021-10-25,1,NO SEDENTARIO,1.001549137387613,0.26156328585948435,23.664455,11.759713
Usuario_9,2021_W44,0.1043859649122807,34.95290574456219,39.242450000000005,54.5,2021-11-01,1,NO SEDENTARIO,0.6937637743995305,-0.6137205830140944,16.847456,0.642224
Usuario_9,2021_W45,0.1294117647058823,39.57099832682655,49.659333333333336,48.0,2021-11-08,1,NO SEDENTARIO,0.4757953930396765,0.1614127618840513,13.200404,12.665636
Usuario_9,2021_W46,0.18747987117552334,43.63199107640826,48.957094999999995,46.25,2021-11-15,1,NO SEDENTARIO,0.9065861590583267,0.5704618728904982,24.522135,19.428417
Usuario_9,2021_W47,0.0898550724637681,40.14242052426101,41.47806,47.0,2021-11-22,0,SEDENTARIO,0.28816213033763804,-0.05817347043662194,13.76942,8.588123
Usuario_9,2021_W48,0.1115942028985507,43.3386279977691,46.96978333333333,54.5,2021-11-29,1,NO SEDENTARIO,0.8806759704074917,-0.07990323784526336,20.172518,8.717434
Usuario_9,2021_W49,0.1166666666666666,42.78148354712772,45.177816666666665,54.0,2021-12-06,1,NO SEDENTARIO,0.8968650802168691,-0.1027675184415832,20.398247,9.232589
Usuario_9,2021_W50,0.1236842105263157,42.95179029559397,50.55925,56.0,2021-12-13,1,NO SEDENTARIO,0.9836209653770137,-0.052535028035660354,20.865664,8.590015
Usuario_9,2021_W51,0.1697916666666666,42.988912437256,45.327475,56.0,2021-12-20,1,NO SEDENTARIO,1.3791251925228896,-0.0203906607941602,24.729263,8.361493
Usuario_9,2021_W52,0.1589743589743589,38.68377021751255,37.44623333333333,48.0,2021-12-27,1,NO SEDENTARIO,0.835131953834742,-0.03945908654559656,21.794342,16.940437
Usuario_9,2022_W01,0.1847826086956521,31.631098717233684,48.4883,48.75,2022-01-03,1,NO SEDENTARIO,0.6750545196806973,-0.0632220238846159,24.489449,-23.994497
Usuario_9,2022_W02,0.0634920634920634,23.61231455660904,38.78073333333333,45.5,2022-01-10,0,SEDENTARIO,-0.43806826911825664,-0.8207879544983792,-4.5102277,-13.161513
Usuario_9,2022_W03,0.0760869565217391,26.6129615170106,45.887683333333335,49.0,2022-01-17,0,SEDENTARIO,-0.16749828339300643,-0.6661748953871414,-0.6018257,-7.9946938
Usuario_9,2022_W04,0.1229166666666666,37.3413050752928,51.66193333333334,44.62284,2022-01-24,0,SEDENTARIO,0.1402495289721315,0.24045833851685616,2.0688863,17.26604
Usuario_9,2022_W05,0.1706349206349206,33.06511991076408,41.07166,54.0,2022-01-31,1,NO SEDENTARIO,1.0339593698102243,-0.43345831217181857,23.066572,-15.468677
Usuario_9,2022_W06,0.1147058823529411,29.089793641940883,41.5073,52.0,2022-02-07,1,NO SEDENTARIO,0.40962368907380114,-0.6704721583015454,15.036314,-0.87811327
Usuario_9,2022_W07,0.1174242424242424,33.121963190184054,44.64764,56.0,2022-02-14,1,NO SEDENTARIO,0.7321522367001895,-0.6066184472905767,16.316118,0.48081583
Usuario_9,2022_W08,0.128030303030303,35.40894590072504,48.64362,41.0,2022-02-21,0,SEDENTARIO,-0.0453268926614019,0.27407473929491694,-1.2309,17.721548
Usuario_9,2022_W09,0.0986111111111111,33.55953151143336,63.36746000000001,44.0023,2022-02-28,0,SEDENTARIO,-0.3523541476481375,0.27821629868396064,-12.378632,15.375321
Usuario_9,2022_W10,0.1166666666666666,31.536107083100948,49.0753625,47.0,2022-03-07,0,SEDENTARIO,0.09680655382024488,-0.18192900101569676,9.360201,8.221206
Usuario_9,2022_W11,0.1787037037037037,49.42331288343559,57.7297,51.0,2022-03-14,1,NO SEDENTARIO,1.161871020750702,0.7566037174735023,23.960865,21.022308
Usuario_9,2022_W12,0.115079365079365,31.855437813720023,50.48884,42.0,2022-03-21,0,SEDENTARIO,-0.21205900198433741,0.07928966654700259,-2.3813465,15.1046715
Usuario_9,2022_W13,0.0741666666666666,22.832660345789183,51.1329,46.0,2022-03-28,0,SEDENTARIO,-0.5458721633284945,-0.5882919616566376,-9.821813,-6.325793
Usuario_9,2022_W14,0.0757575757575757,24.503067484662573,60.27933333333333,50.5,2022-04-04,0,SEDENTARIO,-0.3643219765839762,-0.5251794544068795,2.811029,-0.50239474
Usuario_9,2022_W15,0.0925,29.26340211935304,55.80293333333333,44.0,2022-04-11,0,SEDENTARIO,-0.4105281779491171,-0.07701205318596473,1.9849691,5.5762773
Usuario_9,2022_W16,0.0905797101449275,33.125354155047404,50.05221666666667,44.0,2022-04-18,0,SEDENTARIO,-0.22020082143754396,-0.039470130827177756,1.5230399,11.07856
Usuario_9,2022_W17,0.1206349206349206,32.31518126045733,62.55458333333333,51.0,2022-04-25,0,SEDENTARIO,0.1737940168798704,-0.037166945602479295,6.9368935,2.918821
Usuario_9,2022_W18,0.1140350877192982,37.42228667038483,54.6835,45.0,2022-05-02,0,SEDENTARIO,0.05802598751415276,0.26276871573104477,3.6752849,17.236246
Usuario_9,2022_W19,0.1577777777777777,31.90844394868935,45.491083333333336,50.0,2022-05-09,1,NO SEDENTARIO,0.6152946720881906,-0.25067708184322757,15.930031,-4.578603
Usuario_9,2022_W20,0.0946969696969697,44.33539319576129,49.00154,54.5,2022-05-16,1,NO SEDENTARIO,0.7645993365486623,-0.046867715211988334,19.570745,8.001358
Usuario_9,2022_W21,0.1348484848484848,33.26295593976575,56.00861666666666,55.2,2022-05-23,1,NO SEDENTARIO,0.6388825977441842,-0.27755507373001576,10.663848,1.5104619
Usuario_9,2022_W22,0.0884057971014492,33.21253764640267,60.6128,46.0,2022-05-30,0,SEDENTARIO,-0.27683524229936607,0.08671415954327424,1.6582257,6.8967376
Usuario_9,2022_W23,0.1341269841269841,29.037099832682657,65.39150000000001,49.812532,2022-06-06,0,SEDENTARIO,0.056199101529259096,-0.022564307342551937,-6.743971,6.941586
Usuario_9,2022_W24,0.1243055555555555,37.503312883435584,54.401700000000005,51.0,2022-06-13,1,NO SEDENTARIO,0.4786995699406201,0.02324133455316235,10.93917,12.746538
Usuario_9,2022_W25,0.0871212121212121,25.250284439486894,58.82631666666666,45.0,2022-06-20,0,SEDENTARIO,-0.5570709958422976,-0.24394894558165126,-13.603483,-1.9506162
Usuario_9,2022_W26,0.0731884057971014,30.843636363636364,55.42962,53.0,2022-06-27,0,SEDENTARIO,0.02623698735737655,-0.47849637882872,4.04807,0.91350573
Usuario_9,2022_W27,0.10625,29.129548243167875,59.38146666666668,47.0,2022-07-04,0,SEDENTARIO,-0.20247820703331795,-0.10124915289462907,4.772489,4.5276384
Usuario_9,2022_W28,0.1127450980392156,23.437322922476294,60.38073333333333,43.7478,2022-07-11,0,SEDENTARIO,-0.5316646289047036,-0.15490706101628282,-12.211943,3.5554357
Usuario_9,2022_W29,0.1065217391304347,33.85789180145009,65.35485,43.5,2022-07-18,0,SEDENTARIO,-0.3478514873497346,0.3781012627262191,-13.063727,15.899029
Usuario_9,2022_W30,0.0395833333333333,35.62730619074177,60.07625,46.5,2022-07-25,0,SEDENTARIO,-0.5012369022946342,0.0077794532587386195,-0.5525734,4.774233
Usuario_9,2022_W31,0.0696078431372549,23.55172336865588,63.44526666666667,46.5,2022-08-01,0,SEDENTARIO,-0.7119872418274719,-0.3395057840159977,-16.397932,-1.9930952
Usuario_9,2022_W32,0.0478260869565217,28.35792526491913,67.59211666666667,45.25,2022-08-08,0,SEDENTARIO,-0.8496061660305421,-0.061546627794050096,-17.77739,-0.81647074
Usuario_9,2022_W33,0.0791666666666666,33.334969325153374,56.08605,49.0,2022-08-15,0,SEDENTARIO,-0.09640837844621207,-0.16357877641993107,3.3345394,3.4812036
Usuario_9,2022_W34,0.0775362318840579,28.281093139988844,52.14395,50.0,2022-08-22,0,SEDENTARIO,-0.1439609617242245,-0.5070123654867054,2.297234,1.1751196
Usuario_9,2022_W35,0.0528985507246376,25.76365867261573,48.68236666666667,47.25,2022-08-29,0,SEDENTARIO,-0.49425097813390234,-0.6356850510699348,-1.8774619,-7.995372
Usuario_9,2022_W36,0.0719298245614035,24.57525934188511,43.81054,42.0,2022-09-05,0,SEDENTARIO,-0.6273328009588904,-0.4945684401891319,-11.739545,-14.283218
Usuario_9,2022_W37,0.0985507246376811,50.14773006134969,54.47912,41.0,2022-09-12,0,SEDENTARIO,0.11124196366847398,0.9252490800861781,6.465805,25.917004
Usuario_9,2022_W38,0.0965277777777777,35.569392080312326,51.20113333333333,36.0,2022-09-19,0,SEDENTARIO,-0.5810111887478654,0.46223321562185943,-5.176829,21.724878
Usuario_9,2022_W39,0.0806666666666666,33.179029559397655,57.30756666666667,40.0,2022-09-26,0,SEDENTARIO,-0.6247525704288257,0.26167356992480223,-7.7892404,18.76156
Usuario_9,2022_W40,0.0478260869565217,46.8669715560513,48.38458333333333,44.5,2022-10-03,0,SEDENTARIO,-0.043120124913812174,0.35234753386499557,6.5618105,22.947422
Usuario_9,2022_W41,0.07621527777777776,37.77090909090909,52.16113583333333,48.75,2022-10-10,0,SEDENTARIO,0.06243746922955358,-0.05609844679956593,10.8660555,4.94324
Usuario_9,2022_W42,0.1215277777777777,51.41938650306748,48.05776666666666,55.0,2022-10-17,1,NO SEDENTARIO,1.2055814515090726,0.2896611992437893,21.579733,8.127525
Usuario_9,2022_W43,0.0841269841269841,36.73677635248188,60.7362,51.0,2022-10-24,0,SEDENTARIO,0.08510266116492203,0.0011034102767655263,6.342492,9.668889
Usuario_9,2022_W44,0.0789855072463768,48.91092024539877,49.55585,52.5,2022-10-31,0,SEDENTARIO,0.6726650674587116,0.1988762853022406,18.929892,7.7655053
Usuario_9,2022_W45,0.067391304347826,32.33329615170106,58.14603333333333,44.5,2022-11-07,0,SEDENTARIO,-0.4961019164555702,0.0025098456852526846,0.44266254,5.16516
Usuario_9,2022_W46,0.0782608695652174,37.39404350250977,50.710550000000005,43.0,2022-11-14,0,SEDENTARIO,-0.24248682914099165,0.16107611916313658,1.77385,12.814936
Usuario_9,2022_W47,0.0674603174603174,23.22614612381484,56.53065,45.0,2022-11-21,0,SEDENTARIO,-0.7183899083379258,-0.43564561178684325,-14.461366,-3.9182036
Usuario_9,2022_W48,0.0958333333333333,40.35640825432237,51.34223999999999,38.75,2022-11-28,0,SEDENTARIO,-0.28544926017088446,0.5413375829161511,-3.194438,22.249878
Usuario_9,2022_W49,0.1137254901960784,37.08060234244283,55.29075,44.0,2022-12-05,0,SEDENTARIO,-0.02085599497299606,0.3047097769789878,3.2450788,17.530687
Usuario_9,2022_W50,0.044333333333333294,14.541372002230899,25.219166666666666,49.5,2022-12-12,1,NO SEDENTARIO,-0.41060818154090767,-1.718701255641666,1.1843559,-16.207825
Usuario_9,2022_W51,0.0710144927536231,29.67683212493028,53.65822000000001,48.0,2022-12-19,0,SEDENTARIO,-0.2837000053923918,-0.3473473709536595,1.7807235,1.9804478
Usuario_9,2022_W52,0.1244444444444444,33.00738427216955,48.58765,46.0,2022-12-26,0,SEDENTARIO,0.1446547047370395,-0.06212161863195188,9.57807,9.1057
Usuario_9,2023_W01,0.105,31.770797546012272,45.2172,48.0,2023-01-02,0,SEDENTARIO,0.13939387540678255,-0.33164612075875505,10.25594,7.1632853
Usuario_9,2023_W02,0.1138888888888888,39.90242052426102,58.817,43.25,2023-01-09,0,SEDENTARIO,-0.03034170973352905,0.530184058256918,4.5453086,18.734121
Usuario_9,2023_W03,0.1153846153846153,32.72905744562186,67.69083333333333,43.5,2023-01-16,0,SEDENTARIO,-0.356513191437731,0.4056632106188031,-13.839278,16.138681
Usuario_9,2023_W04,0.146031746031746,33.29836029001673,58.63630666666667,42.5,2023-01-23,0,SEDENTARIO,-0.0504753989948688,0.37924164086814555,-7.449479,11.318245
Usuario_9,2023_W05,0.14375,37.07471277189069,62.90925,48.5,2023-01-30,0,SEDENTARIO,0.32758941705650585,0.3513815409541138,11.106589,17.375422
Usuario_9,2023_W06,0.0816666666666666,21.196787506971557,52.58301666666667,44.25,2023-02-06,0,SEDENTARIO,-0.6661179762395094,-0.5262834113193616,-11.449478,-5.9075823
Usuario_9,2023_W07,0.11696428571428565,27.061260457334072,65.05941250000001,39.75,2023-02-13,0,SEDENTARIO,-0.6924766260260341,0.2853862149086368,-15.913352,17.253498
Usuario_9,2023_W08,0.10912698412698404,27.594065811489124,47.012166666666666,44.5,2023-02-20,0,SEDENTARIO,-0.18629308603858308,-0.30123625665175446,-9.189203,-10.911152
Usuario_9,2023_W09,0.0770833333333333,14.593374233128834,60.598533333333336,48.875,2023-02-27,0,SEDENTARIO,-0.7531377126842504,-0.8583373200164091,-16.354034,-4.6309414
Usuario_9,2023_W12,0.1047619047619047,24.3548912437256,59.740825,31.875,2023-03-25,0,SEDENTARIO,-1.2289608831227246,0.3767330152582516,-33.96647,1.991857
Usuario_9,2023_W17,0.1047619047619047,61.713686558839925,59.740825,43.0,2023-04-29,0,SEDENTARIO,0.5392757131239722,1.4493460241966059,5.913231,27.898088
Usuario_9,2023_W21,0.0466666666666666,20.343870607919687,57.81581666666667,43.5,2023-05-26,0,SEDENTARIO,-1.0532562544259876,-0.5257450678018348,-20.960682,-4.9995613
Usuario_9,2023_W22,0.1072463768115942,31.59361963190184,57.44405999999999,49.71,2023-05-29,0,SEDENTARIO,0.06332575085296481,-0.1558488521601577,6.7229085,4.1106787
Usuario_9,2023_W23,0.108695652173913,37.21360847741216,50.19813333333334,43.0,2023-06-05,0,SEDENTARIO,-0.03189064050988165,0.23450684128885624,0.7938391,16.104923
Usuario_9,2023_W24,0.1348484848484848,36.2357612939208,62.39212,53.0,2023-06-12,0,SEDENTARIO,0.5067905691150835,0.07763283911140875,9.2388935,12.06491
Usuario_9,2023_W25,0.0884615384615384,29.83634132738427,55.583375,45.5,2023-06-19,0,SEDENTARIO,-0.33160641115432843,-0.13664194818662662,2.5360565,5.547546
Usuario_9,2023_W26,0.1347222222222222,27.80939208031233,54.33198333333333,48.0,2023-06-26,0,SEDENTARIO,0.0857452198302522,-0.22011008376426724,-5.589857,8.249289
Usuario_9,2023_W27,0.0833333333333333,28.3937088678193,59.08693333333334,47.8,2023-07-03,0,SEDENTARIO,-0.3313791910346331,-0.242970252278634,2.225275,2.8414664
Usuario_9,2023_W28,0.088235294117647,32.48606804238707,56.95082,45.0,2023-07-10,0,SEDENTARIO,-0.30215731854594535,0.024615592520052035,2.213164,6.314607
Usuario_9,2023_W29,0.0763157894736842,27.976441717791413,59.09456,53.0,2023-07-17,0,SEDENTARIO,-0.09431803080793562,-0.5137480988536651,4.0861125,0.36778194
Usuario_9,2023_W30,0.1265151515151515,35.4258561070831,61.17068333333333,44.625,2023-07-24,0,SEDENTARIO,-0.03609936621760228,0.36737026885977664,3.6791546,19.949211
Usuario_9,2023_W31,0.1166666666666666,31.939810373675407,77.5588,44.75,2023-07-31,0,SEDENTARIO,-0.448556803913819,0.5246064646607167,-19.121082,17.691341
Usuario_9,2023_W32,0.094927536231884,28.542286670384826,63.35656666666667,42.0,2023-08-07,0,SEDENTARIO,-0.6439892752797898,0.14555492360676658,-14.397958,13.596721
Usuario_9,2023_W33,0.0888888888888888,33.19879531511433,44.5788,41.75,2023-08-14,0,SEDENTARIO,-0.2760476152980557,-0.05416346375856755,-0.3491316,12.411285
Usuario_9,2023_W34,0.0878787878787878,31.595627440044616,34.064816666666665,44.0,2023-08-21,0,SEDENTARIO,-0.04437309743593432,-0.44250515127017104,7.621949,-14.026959
Usuario_9,2023_W35,0.0798611111111111,22.78072504182933,50.67256666666666,37.5,2023-08-28,0,SEDENTARIO,-0.9884009009966593,-0.2031620445448442,-27.987389,-12.813965
Usuario_9,2023_W36,0.0644927536231884,30.109581706636924,48.90914,45.0,2023-09-04,0,SEDENTARIO,-0.41560078332621264,-0.3130037966833026,-1.1774487,2.0967898
Usuario_9,2023_W37,0.1372549019607843,30.48522030117122,60.86966666666667,46.25,2023-09-11,0,SEDENTARIO,-0.014544988820645283,0.1133115126414527,-7.4001594,8.748164
Usuario_9,2023_W38,0.104,29.76624651422197,62.89023333333333,50.0,2023-09-18,0,SEDENTARIO,-0.07958081632425561,-0.14271574207003357,5.9586377,2.4295666
Usuario_9,2023_W39,0.1034722222222222,31.47261572783045,54.12813333333333,49.0,2023-09-25,0,SEDENTARIO,0.04306663235805745,-0.20915429666614588,6.9556565,5.29617
Usuario_9,2023_W40,0.1219696969696969,32.272124930284434,57.07278333333333,50.0,2023-10-02,0,SEDENTARIO,0.20685686059835506,-0.1036580664230256,7.4259233,3.6351109
Usuario_9,2023_W41,0.0962121212121212,31.149581706636923,53.673033333333336,48.0,2023-10-09,0,SEDENTARIO,-0.06684193905978067,-0.2093212268181288,5.831155,5.5608473
Usuario_9,2023_W42,0.0971014492753623,29.482922476296707,57.70922,54.0,2023-10-16,0,SEDENTARIO,0.17171079265854428,-0.46121111715424823,8.342551,1.5150751
Usuario_9,2023_W43,0.0595238095238095,30.445554935861686,44.2174,50.5,2023-10-23,0,SEDENTARIO,-0.05379729535196548,-0.656558133488246,0.7029778,-7.9892006
Usuario_9,2023_W44,0.0618055555555555,23.667596207473512,46.0889,49.0,2023-10-30,0,SEDENTARIO,-0.35746151708736296,-0.8287447618587314,-1.5221766,-8.892871
Usuario_9,2023_W45,0.0857142857142857,30.88977133296152,61.268125,49.0,2023-11-06,0,SEDENTARIO,-0.20360857303259633,-0.13943018326541531,4.019381,2.9680562
Usuario_9,2023_W46,0.07238005050505045,33.1169436698271,54.08529166666666,47.0,2023-11-14,0,SEDENTARIO,-0.2339111280958264,-0.14520502417107262,1.7041739,4.004467
Usuario_9,2023_W47,0.081060606060606,32.50016731734523,57.24223333333333,51.0,2023-11-20,0,SEDENTARIO,-0.011561094484265982,-0.25837886034995194,4.0441327,2.1300638
Usuario_9,2023_W48,0.1108695652173913,31.893586168432797,49.63881666666666,47.5,2023-11-27,0,SEDENTARIO,0.08810260916632144,-0.1950414132349287,9.103182,7.55636
Usuario_9,2023_W49,0.1,30.95415504740658,54.62016,49.0,2023-12-04,0,SEDENTARIO,-0.0038046625221107716,-0.23121224093666684,6.5211306,5.095649
Usuario_9,2023_W50,0.1544444444444444,36.204841048522034,45.83624,45.5,2023-12-11,1,NO SEDENTARIO,0.45959818663202473,0.12794648840598674,16.273584,18.242603
Usuario_9,2023_W51,0.1425925925925926,19.42219743446737,43.28096666666667,43.0,2023-12-18,0,SEDENTARIO,-0.2343556918792219,-0.5539918881082295,-7.7741613,-28.334375
Usuario_9,2023_W52,0.1342592592592592,32.27877300613497,49.4287,37.25,2023-12-25,0,SEDENTARIO,-0.3240602349109217,0.3450626955988771,-3.003987,19.597889
Usuario_9,2024_W01,0.1304347826086956,26.800936977133297,52.302620000000005,44.0,2024-01-01,0,SEDENTARIO,-0.1727052039625831,-0.13867461739925174,-10.598054,6.0745544
Usuario_9,2024_W02,0.138235294117647,32.82699386503067,58.794933333333326,39.25,2024-01-08,0,SEDENTARIO,-0.3066602291576578,0.484427550136137,-11.098133,22.878395
Usuario_9,2024_W03,0.1470588235294117,26.00147239263804,64.545025,47.0,2024-01-15,0,SEDENTARIO,-0.09553271235762578,-0.003047158632191821,-7.97745,8.078532
Usuario_9,2024_W04,0.1463768115942029,39.70739542665923,55.72922,46.0,2024-01-22,0,SEDENTARIO,0.3901459372412171,0.43307902661118286,12.033561,19.467434
Usuario_9,2024_W05,0.1714285714285714,37.934590072504186,49.70946,45.75,2024-01-29,1,NO SEDENTARIO,0.584256030156549,0.32067593148085966,15.867164,18.45797
Usuario_9,2024_W06,0.0983333333333333,33.2721472392638,45.65096666666667,40.5,2024-02-05,0,SEDENTARIO,-0.29690891185195956,0.05535664591127695,-0.7665106,12.832848
Usuario_9,2024_W07,0.1333333333333333,41.52446179587284,50.75422857142858,35.0,2024-02-12,0,SEDENTARIO,-0.199318930520672,0.8586366353746158,-1.497351,24.772612
Usuario_9,2024_W08,0.1520833333333333,40.18128276631344,53.08664166666667,42.75,2024-02-19,0,SEDENTARIO,0.29717623264355864,0.560690109387997,12.071673,21.051472
Usuario_9,2024_W09,0.1380952380952381,37.62824316787507,51.882318181818185,41.0,2024-02-26,0,SEDENTARIO,0.04201590812636323,0.46458971822512446,-0.82531524,19.127842
Usuario_9,2024_W10,0.1083333333333333,25.69110987172337,58.31361666666667,45.25,2024-03-04,0,SEDENTARIO,-0.37647789710147217,-0.18335056056983498,-11.424775,3.3933058
Usuario_9,2024_W11,0.1122807017543859,32.963435582822086,50.77740833333333,43.375,2024-03-11,0,SEDENTARIO,-0.12325914741933258,0.06196339266316331,-1.5942405,15.219666
Usuario_9,2024_W12,0.1068627450980392,35.00430563301729,56.9921,47.75,2024-03-18,0,SEDENTARIO,0.05849250956609321,0.06449569568023339,5.8242793,7.3832006
Usuario_9,2024_W13,0.11402777777777776,27.18297824874512,46.37470089285714,37.75,2024-03-26,0,SEDENTARIO,-0.5422245737236198,-0.015419492351965311,-19.30466,-16.071342
Usuario_9,2024_W14,0.1166666666666666,29.497200223089795,48.009166666666665,41.0,2024-04-01,0,SEDENTARIO,-0.2925435370357492,-0.021622337990937823,-2.9563882,13.853305
Usuario_9,2024_W15,0.1259259259259259,35.47587283881762,49.634875,44.0,2024-04-08,0,SEDENTARIO,0.09920938048674315,0.15704372429181296,0.9973354,17.209187
Usuario_9,2024_W16,0.0873015873015873,26.94871165644172,43.88206666666667,46.0,2024-04-15,0,SEDENTARIO,-0.22221072478665377,-0.5257823468075438,-9.439203,-12.454201
Usuario_9,2024_W17,0.1466666666666666,28.45778025655326,50.673966666666665,51.0,2024-04-22,1,NO SEDENTARIO,0.41403526195584744,-0.3665770063750136,15.3902645,-3.7951796
Usuario_9,2024_W18,0.1135416666666666,35.03237032905745,49.97017,41.5,2024-04-29,0,SEDENTARIO,-0.147238662094428,0.21974245817735188,-1.0410327,16.213326
Usuario_9,2024_W19,0.115625,31.32261015058561,52.406666666666666,42.25,2024-05-06,0,SEDENTARIO,-0.23900066050919574,0.08704153295291878,-2.9493906,15.295304
Usuario_9,2024_W20,0.0951388888888888,42.40160624651423,48.56050833333333,47.0,2024-05-13,0,SEDENTARIO,0.2861297248638831,0.19911904602176062,13.532651,10.145265
Usuario_9,2024_W21,0.0722222222222222,26.045465699944227,53.5061,45.0,2024-05-20,0,SEDENTARIO,-0.5549154713414625,-0.3654145674018227,-13.179137,-4.996022
Usuario_9,2024_W22,0.1055555555555555,32.54875627440045,48.2516,49.0,2024-05-27,0,SEDENTARIO,0.17835649485062927,-0.2792043480614086,9.3999815,6.689427
Usuario_9,2024_W23,0.1078431372549019,19.510585610708308,51.247352500000005,49.0,2024-06-03,0,SEDENTARIO,-0.24579518732702926,-0.7581386407840471,-6.438637,-5.6759295
Usuario_9,2024_W24,0.1291666666666666,33.42804238706079,47.8002,48.5,2024-06-10,1,NO SEDENTARIO,0.34476487525331645,-0.15819390008305334,10.645329,9.333052
Usuario_9,2024_W25,0.1145833333333333,38.25548243167875,53.29317,49.0,2024-06-17,0,SEDENTARIO,0.33704361425152485,0.09199215393293439,11.401353,12.105805
Usuario_9,2024_W26,0.1666666666666666,35.79368655883994,52.866139545454544,46.0,2024-06-24,1,NO SEDENTARIO,0.45365112197320895,0.2705124918388044,15.315577,18.505198
Usuario_9,2024_W27,0.0868055555555555,27.019966536530955,51.47386,44.75,2024-07-01,0,SEDENTARIO,-0.409312565529432,-0.31143832382747894,-9.677271,-7.626593
Usuario_9,2024_W28,0.1446969696969696,41.995805911879536,46.9193375,48.5,2024-07-08,1,NO SEDENTARIO,0.7237215876175687,0.23029430307560517,18.658146,14.713914
Usuario_9,2024_W29,0.1363636363636363,40.383669827105415,46.52577,53.25,2024-07-15,1,NO SEDENTARIO,0.8958645245937077,-0.08284013241536509,20.522598,10.179851
Usuario_9,2024_W30,0.1183333333333333,38.9521472392638,47.19421,47.5,2024-07-22,0,SEDENTARIO,0.3896845656574674,0.07342019173686287,13.431789,11.783922
Usuario_9,2024_W31,0.1697916666666666,41.72078081427775,46.85242,49.5,2024-07-29,1,NO SEDENTARIO,0.9454709148588266,0.2482211115625489,20.074018,15.6065035
Usuario_9,2024_W32,0.156060606060606,42.16673731176799,48.08548888888889,49.25,2024-08-05,1,NO SEDENTARIO,0.8320950048544796,0.26229526602150927,19.234653,15.123674
Usuario_9,2024_W33,0.1373015873015873,48.452515337423314,52.61055714285715,46.25,2024-08-12,0,SEDENTARIO,0.6540319405655577,0.6975083885704014,10.136468,24.326773
Usuario_9,2024_W34,0.2361111111111111,73.30351366424986,50.4024125,51.25,2024-08-19,1,NO SEDENTARIO,2.402424167465017,1.7699801397044455,14.212959,40.927814
Usuario_9,2024_W35,0.1087301587301587,34.06384829894033,41.15175,47.0,2024-08-26,1,NO SEDENTARIO,0.2382611271600905,-0.26348817216903586,11.357877,7.6196027
Usuario_9,2024_W36,0.11,34.96450641383157,45.3881625,54.625,2024-09-02,1,NO SEDENTARIO,0.6472065212887388,-0.4748187515854255,16.161325,0.97437066
Usuario_9,2024_W37,0.1138888888888888,41.204551031790295,55.67702857142858,51.5,2024-09-09,0,SEDENTARIO,0.5288872435302844,0.15142837458161745,10.226597,13.445311
Usuario_9,2024_W38,0.0963768115942029,32.340435025097605,58.387025,55.0,2024-09-16,0,SEDENTARIO,0.3003362573666982,-0.3739909192162787,8.901364,1.534676
Usuario_9,2024_W39,0.1015151515151515,36.294924707194646,52.46147777777778,58.75,2024-09-23,1,NO SEDENTARIO,0.7592119021890705,-0.4824414853938463,16.05434,2.566358
Usuario_9,2024_W40,0.1265151515151515,30.8809369771333,52.81512,45.0,2024-09-30,0,SEDENTARIO,-0.02645354287747527,-0.01312942373788746,-4.8383465,11.301578
Usuario_9,2024_W41,0.1094202898550724,30.453764640267707,55.809,52.0,2024-10-07,0,SEDENTARIO,0.19947655536063902,-0.3333025551931955,8.007435,2.5412118
Usuario_9,2024_W42,0.1111111111111111,31.314400446179583,54.055483333333335,55.5,2024-10-14,1,NO SEDENTARIO,0.4639737296221966,-0.4846633973889202,9.749943,1.4074315
Usuario_9,2024_W43,0.1177083333333333,26.408209704406023,59.37672857142858,41.5,2024-10-21,0,SEDENTARIO,-0.5213854952580722,0.06449322578452485,-12.759549,6.1081514
Usuario_9,2024_W44,0.1194444444444444,35.196921360847746,48.976971428571424,41.5,2024-10-28,0,SEDENTARIO,-0.08689977166282947,0.22388272699759804,-1.086835,16.808887
Usuario_9,2024_W45,0.1074074074074074,48.62960401561629,49.5069,58.5,2024-11-04,1,NO SEDENTARIO,1.2031229037005373,0.0035771390945159715,20.956856,7.5289726
Usuario_9,2024_W46,0.0444444444444444,19.25889570552147,47.0988,47.0,2024-11-11,0,SEDENTARIO,-0.7395375464517011,-0.9560002697916847,-2.6339536,-10.549725
Usuario_9,2024_W47,0.1253623188405797,35.177735638594534,51.491075,48.25,2024-11-18,0,SEDENTARIO,0.30182086824681603,-0.008636126368468625,10.916292,10.410707
Usuario_9,2024_W48,0.0894736842105263,39.21829336307864,52.0274,41.75,2024-11-25,0,SEDENTARIO,-0.20191792471949324,0.3545401625605945,1.8864613,14.0449095
Usuario_9,2024_W49,0.0909090909090909,32.99431121026213,52.50565,50.5,2024-12-02,0,SEDENTARIO,0.11346999947127794,-0.2835971504300445,8.398411,4.8764806
Usuario_9,2024_W50,0.0712962962962963,24.887629670942555,41.711685714285714,48.75,2024-12-09,0,SEDENTARIO,-0.2039928770698562,-0.8282781870776319,-0.47827795,-8.927782
Usuario_9,2024_W51,0.11318181818181816,28.15734523145566,27.3696805,58.644999999999996,2024-12-16,1,NO SEDENTARIO,0.9643642859990461,-1.3034454661552535,26.423933,-3.54788
Usuario_9,2024_W52,0.1282608695652174,41.943112102621306,54.93918,52.0,2024-12-23,1,NO SEDENTARIO,0.68937716551448,0.18812304389065077,10.838469,13.589186
Usuario_9,2025_W01,0.13236531986531985,43.10855549358617,60.462334999999996,47.25,2024-12-30,0,SEDENTARIO,0.39755517703643123,0.5758469061793361,8.591265,17.942968
Usuario_9,2025_W02,0.1037878787878787,28.463982152816502,64.38946666666666,51.0,2025-01-06,0,SEDENTARIO,-0.08574482999057645,-0.21173039482129516,6.0964637,1.8789538
Usuario_9,2025_W03,0.09001670843776105,25.68129392080312,57.08750944444445,43.28,2025-01-13,0,SEDENTARIO,-0.5965488306884742,-0.17625405535528055,-13.003038,-2.1717725
Usuario_9,2025_W04,0.0702898550724637,24.61952035694367,59.9287,45.5,2025-01-20,0,SEDENTARIO,-0.6793416681951132,-0.3206480955506174,-15.563728,-2.1498742
Usuario_9,2025_W05,0.0722222222222222,20.90726157278305,47.69178333333334,49.0,2025-01-27,0,SEDENTARIO,-0.3938451075583387,-0.8802117450482592,-3.7160182,-8.720536
Usuario_9,2025_W06,0.08740079365079359,21.154221974344676,55.70708571428571,45.875,2025-02-03,0,SEDENTARIO,-0.5820960013056564,-0.5187910506573148,-10.848758,-4.4160604
Usuario_9,2025_W07,0.18125,41.18844394868935,42.20875555555555,48.0,2025-02-10,1,NO SEDENTARIO,0.9917694163039207,0.23131400827728743,23.84456,17.867683
Usuario_9,2025_W08,0.1215686274509803,32.58476296709426,47.78245,48.75,2025-02-17,1,NO SEDENTARIO,0.28180830011630675,-0.22802736118327732,10.461322,8.68343
Usuario_9,2025_W09,0.0125,3.3099386503067483,72.37406033333333,45.25,2025-02-24,0,SEDENTARIO,-1.9217219972673618,-1.1213285311234482,-22.553942,-2.9091947
