feature,VIF,R_squared,flag
Actividad_relativa_p50,1.3976527142066797,0.28451467962296406,OK
Actividad_relativa_iqr,1.1666422830311605,0.14283922797499826,OK
Superavit_calorico_basal_p50,1.6730022157745101,0.4022721604483628,OK
Superavit_calorico_basal_iqr,1.337705873343582,0.25245151424766465,OK
HRV_SDNN_p50,1.8776567178041346,0.46742128605410305,OK
HRV_SDNN_iqr,1.1415301678003347,0.12398285371034523,OK
Delta_cardiaco_p50,1.4291428184486854,0.3002798690997964,OK
Delta_cardiaco_iqr,1.0304100010755834,0.029512525153909785,OK
