variable,cluster0_mediana,cluster0_iqr,cluster1_mediana,cluster1_iqr,diferencia_absoluta,diferencia_relativa_pct,mann_whitney_u,p_valor,significancia,cohen_d,effect_size
Actividad_relativa_p50,0.1597222222222222,0.04967962184873939,0.115625,0.06581509774444555,0.044097222222222204,27.608695652173903,282268.5,4.2537615187295893e-48,***,0.9299709115608369,Grande
Superavit_calorico_basal_p50,45.39586518415567,19.16987933910415,25.35561224489796,10.516978259166645,20.04025293925771,44.145546864149814,325858.0,1.0231472647894063e-100,***,1.7846580588824374,Grande
HRV_SDNN_p50,47.71158,26.197262708333326,49.4547,19.723862500000003,1.7431200000000047,3.6534526838138763,184180.0,0.5619435554283426,n.s.,-0.05360028201512689,Pequeño
Delta_cardiaco_p50,44.0,17.5,42.625,9.640450000000001,1.375,3.125,208318.5,0.0016384917776088796,**,0.33055180201171985,Pequeño-Mediano
