cluster,n_weeks,n_users,Actividad_relativa_p50_median,Actividad_relativa_p50_q25,Actividad_relativa_p50_q75,Actividad_relativa_p50_iqr,Actividad_relativa_iqr_median,Actividad_relativa_iqr_q25,Actividad_relativa_iqr_q75,Actividad_relativa_iqr_iqr,Superavit_calorico_basal_p50_median,Superavit_calorico_basal_p50_q25,Superavit_calorico_basal_p50_q75,Superavit_calorico_basal_p50_iqr,Superavit_calorico_basal_iqr_median,Superavit_calorico_basal_iqr_q25,Superavit_calorico_basal_iqr_q75,Superavit_calorico_basal_iqr_iqr,HRV_SDNN_p50_median,HRV_SDNN_p50_q25,HRV_SDNN_p50_q75,HRV_SDNN_p50_iqr,HRV_SDNN_iqr_median,HRV_SDNN_iqr_q25,HRV_SDNN_iqr_q75,HRV_SDNN_iqr_iqr,Delta_cardiaco_p50_median,Delta_cardiaco_p50_q25,Delta_cardiaco_p50_q75,Delta_cardiaco_p50_iqr,Delta_cardiaco_iqr_median,Delta_cardiaco_iqr_q25,Delta_cardiaco_iqr_q75,Delta_cardiaco_iqr_iqr
0,402,10,0.1597222222222222,0.1372549019607843,0.1869345238095237,0.04967962184873939,0.0774667203711321,0.05040134803921567,0.11173811431623923,0.06133676627702356,45.39586518415567,34.37506939738908,53.54494873649323,19.16987933910415,25.93049051667757,18.14867909699793,34.91395683453237,16.76527773753444,47.71158,34.38885916666667,60.586121874999996,26.197262708333326,11.552665416666674,8.247657291666666,15.867821651785716,7.62016436011905,44.0,36.0,53.5,17.5,10.5,7.231250000000001,14.25,7.018749999999999
1,935,10,0.115625,0.08586840393905609,0.15168350168350164,0.06581509774444555,0.0433359213250518,0.0289142100351339,0.0617751396268756,0.0328609295917417,25.35561224489796,20.805609582439605,31.32258784160625,10.516978259166645,9.46016104294479,6.278635204081631,14.598481190421246,8.319845986339615,49.4547,37.5510375,57.2749,19.723862500000003,11.207103333333336,7.670658333333334,15.617263541666668,7.9466052083333345,42.625,37.60955,47.25,9.640450000000001,8.125,5.625,11.0,5.375
