cluster,Actividad_relativa_p50_scaled,Actividad_relativa_iqr_scaled,Superavit_calorico_basal_p50_scaled,Superavit_calorico_basal_iqr_scaled,HRV_SDNN_p50_scaled,HRV_SDNN_iqr_scaled,Delta_cardiaco_p50_scaled,Delta_cardiaco_iqr_scaled,Actividad_relativa_p50_original,Actividad_relativa_iqr_original,Superavit_calorico_basal_p50_original,Superavit_calorico_basal_iqr_original,HRV_SDNN_p50_original,HRV_SDNN_iqr_original,Delta_cardiaco_p50_original,Delta_cardiaco_iqr_original
0,0.4366252542653163,0.8358453823265974,0.9128387517565241,1.0941875124806684,-0.06998303967037675,0.1763985460049866,0.227118531852188,0.3979558230771301,0.16139932594044726,0.08677657999968849,44.57832065723234,27.87263395667368,47.76088471156704,12.739333326438503,45.49830385037407,11.17776929426434
1,-0.15660473951135964,-0.08375981641396124,-0.1282206443229328,-0.12094428889744258,-0.0332975102381078,0.11348308763383395,-0.029298186480186644,0.009224524836565079,0.12003195012023425,0.04760761137642022,26.36574133443122,11.05976947911043,48.55913615214261,12.241709799997707,42.67771994871795,8.806275136217948
