k,silhouette,davies_bouldin,stability_ari,sizes
2,0.2320051027940118,2.0575458838555005,0.5651447574491316,"{0: 402, 1: 935}"
3,0.1950722134976533,1.7205261493802084,0.6536136353064468,"{0: 685, 1: 235, 2: 417}"
4,0.1924518318397518,1.4220492022913234,0.735338925352716,"{0: 238, 1: 662, 2: 435, 3: 2}"
5,0.1483584541513657,1.4442265483754708,0.44638854689064544,"{0: 213, 1: 375, 2: 544, 3: 1, 4: 204}"
6,0.15913647393738592,1.430015832833152,0.7770768861385002,"{0: 204, 1: 456, 2: 200, 3: 337, 4: 139, 5: 1}"
