variable,n,mean,std,iqr,mad,cv,p10,p50,p90
Actividad_relativa,86,0.18571625697057692,0.08685615430840694,0.12821428571428573,0.07861038461538457,0.4676820205469012,0.09685457516339865,0.1641483516483516,0.3179315476190476
Superavit_calorico_basal,86,21.45056083628139,9.135896574680102,11.588341645885288,8.85189842394015,0.42590478842994556,10.468778054862842,20.44653366583541,34.621695760598506
HRV_SDNN,86,38.88077615736434,11.100025687120258,12.285035833333339,9.0503822045,0.2854887886546941,23.497683333333335,37.31205833333333,54.101487500000005
FC_al_caminar_promedio_diario,86,113.37790697674419,9.615531567855276,12.875,8.8956,0.08480957026158184,101.75,113.0,126.25
FCr_promedio_diario,86,65.03604651162792,8.377616013425266,11.5,8.8956,0.12881496435868708,55.0,65.0,75.5
Delta_cardiaco,86,48.34186046511628,10.72336059173154,12.875,10.00755,0.22182349807305346,35.0,48.5,62.35
