variable,n,mean,std,iqr,mad,cv,p10,p50,p90
Actividad_relativa,853,0.10396796496639153,0.08491228737114022,0.0795634920634921,0.05559750000000001,0.8167158739577983,0.0333333333333333,0.0833333333333333,0.17755555555555555
Superavit_calorico_basal,853,27.141055976200924,19.090747903448502,16.89302147239264,11.719930260736199,0.7033900199088987,9.198704907975461,22.472239263803683,53.40296012269943
HRV_SDNN,853,53.320520636430246,12.856795888738047,16.335300000000004,11.997693400000003,0.24112284980116797,37.3020001,52.8915,69.23800666666669
FC_al_caminar_promedio_diario,853,98.34478241500587,8.770689585697212,9.0,7.04235,0.08918306970964372,89.0,97.75,107.90000000000003
FCr_promedio_diario,853,57.15678671629543,8.352225927778683,7.0,4.4478,0.14612833239272108,50.0,56.0,65.0
Delta_cardiaco,853,41.18799569871044,11.91405837894043,13.0,9.080924999999999,0.2892604550629651,29.0,41.125,54.16800000000001
