variable,n,mean,std,iqr,mad,cv,p10,p50,p90
Actividad_relativa,799,0.12483780785066799,0.07181595542033083,0.06469109996283909,0.04633125,0.5752740828823081,0.0644444444444444,0.1111111111111111,0.2
Superavit_calorico_basal,799,21.111014380044022,11.006989892285288,9.411005747126437,6.5976552068965475,0.5213861207299474,9.766873563218391,21.238448275862066,29.572225747126442
HRV_SDNN,799,47.17706396937839,13.514903170753664,17.761433333333336,13.142537351999998,0.28647190040325304,30.33506,46.13836,65.300065
FC_al_caminar_promedio_diario,799,94.06695869837297,7.452755243959258,9.0,6.6716999999999995,0.07922819390660457,86.0,93.5,103.5
FCr_promedio_diario,799,56.08487373341677,7.686782772953242,9.0,7.412999999999999,0.13705625530138735,48.0,55.0,65.0
Delta_cardiaco,799,37.982084964956194,8.905795909246855,11.5,8.280321,0.23447359241768065,28.0,38.0,48.5
