variable,n_obs,mean_obs,std_obs,iqr_obs,mad_obs,cv_obs,p10_obs,p50_obs,p90_obs,n_op,mean_op,std_op,iqr_op,mad_op,cv_op,p10_op,p50_op,p90_op,ratio_std,delta_iqr,nota_flags
Actividad_relativa,612,0.1257806313465837,0.06058655574146937,0.0662332915622389,0.04687215428743963,0.4816843030031026,0.0666666666666666,0.1112847222222222,0.20161111111111105,799,0.12483780785066799,0.07181595542033083,0.06469109996283909,0.04633125,0.5752740828823081,0.0644444444444444,0.1111111111111111,0.2,1.1853447442495122,-0.0015421915993998059,OK
Delta_cardiaco,612,38.44446235294117,8.468730025919683,11.902500000000003,8.8956,0.22028478245246647,28.5,38.0,49.0,799,37.982084964956194,8.905795909246855,11.5,8.280321,0.23447359241768065,28.0,38.0,48.5,1.0516093773197956,-0.4025000000000034,OK
FC_al_caminar_promedio_diario,612,93.96282679738562,8.105138881240142,10.0,7.78365,0.08625899366264762,85.0,93.25,104.225,799,94.06695869837297,7.452755243959258,9.0,6.6716999999999995,0.07922819390660457,86.0,93.5,103.5,0.9195098755444071,-1.0,OK
FCr_promedio_diario,612,55.518364444444444,6.757302663580753,10.0,7.412999999999999,0.1217129274466034,47.0,54.0,64.99,799,56.08487373341677,7.686782772953242,9.0,7.412999999999999,0.13705625530138735,48.0,55.0,65.0,1.1375519427865837,-1.0,OK
HRV_SDNN,612,47.17181338878774,13.327531797182106,18.05334583333333,13.408041360000002,0.28253168237008935,29.950206,46.436350000000004,65.19290466666666,799,47.17706396937839,13.514903170753664,17.761433333333336,13.142537351999998,0.28647190040325304,30.33506,46.13836,65.300065,1.0140589702896958,-0.29191249999999513,OK
Superavit_calorico_basal,612,21.414704600518366,10.076852556979183,8.654784482758622,6.27207965517241,0.47055762593779893,11.434321839080459,21.283505747126437,28.773235402298848,799,21.111014380044022,11.006989892285288,9.411005747126437,6.5976552068965475,0.5213861207299474,9.766873563218391,21.238448275862066,29.572225747126442,1.0923043509912127,0.7562212643678148,OK
