variable,n_obs,mean_obs,std_obs,iqr_obs,mad_obs,cv_obs,p10_obs,p50_obs,p90_obs,n_op,mean_op,std_op,iqr_op,mad_op,cv_op,p10_op,p50_op,p90_op,ratio_std,delta_iqr,nota_flags
Actividad_relativa,34,0.15746194117301376,0.058611667257189574,0.0797356442577031,0.061223004901960774,0.3722275161893825,0.07328431372549017,0.16960317460317453,0.2305059523809523,50,0.1503545462707227,0.06354238512149266,0.08567708333333335,0.06448467613636369,0.42261698563527733,0.05412820512820508,0.15906249999999994,0.2357291666666666,1.0841251937548024,0.005941439075630245,OK
Delta_cardiaco,34,39.886926470588236,11.534012638603267,14.25,10.74885,0.2891677464070389,26.0,41.125,50.35,50,40.24311,10.012704538556433,12.1875,9.1735875,0.248805436223901,27.35,41.0625,50.5,0.8681024420802906,-2.0625,Δiqr=-2.062
FC_al_caminar_promedio_diario,34,101.91176470588235,10.516019949549479,9.5625,6.30105,0.10318749734045665,90.9,100.0,110.7,50,101.79,8.969244502118086,8.25,6.6716999999999995,0.08811518324116402,93.0,101.0,110.0,0.8529124654715342,-1.3125,Δiqr=-1.312
FCr_promedio_diario,34,62.02483823529412,8.304176576697934,8.0,6.30105,0.13388469543758666,51.0,61.75,72.8,50,61.546890000000005,7.290844197704685,5.75,4.4478,0.11845999363582278,51.0,61.5,70.0,0.8779731657155839,-2.25,Δiqr=-2.250
HRV_SDNN,34,40.5829104754902,11.282608974430559,15.430862500000003,12.069024992500001,0.2780137955173181,28.801574166666665,41.05209,53.84081,50,41.03162569333333,10.058642173429615,11.999166666666667,8.958196607500001,0.24514364233596295,30.6524125,41.377266666666664,53.25458,0.8915173960406867,-3.431695833333336,Δiqr=-3.432
Superavit_calorico_basal,34,30.73945239405063,11.881260541078746,13.363305560278864,10.108200918211184,0.3865150357518492,11.272973984016325,32.835130079918386,44.79364135351131,50,28.357558347219857,14.044940006854315,19.27133140622343,11.38579321203877,0.49528030004851475,6.968923652440061,32.48192484271382,45.14012202006462,1.1821085783191756,5.908025845944568,Δiqr=5.908
