variable,n,mean,std,iqr,mad,cv,p10,p50,p90
Actividad_relativa,612,0.1257806313465837,0.06058655574146937,0.0662332915622389,0.04687215428743963,0.4816843030031026,0.0666666666666666,0.1112847222222222,0.20161111111111105
Superavit_calorico_basal,612,21.414704600518366,10.076852556979183,8.654784482758622,6.27207965517241,0.47055762593779893,11.434321839080459,21.283505747126437,28.773235402298848
HRV_SDNN,612,47.17181338878774,13.327531797182106,18.05334583333333,13.408041360000002,0.28253168237008935,29.950206,46.436350000000004,65.19290466666666
FC_al_caminar_promedio_diario,612,93.96282679738562,8.105138881240142,10.0,7.78365,0.08625899366264762,85.0,93.25,104.225
FCr_promedio_diario,612,55.518364444444444,6.757302663580753,10.0,7.412999999999999,0.1217129274466034,47.0,54.0,64.99
Delta_cardiaco,612,38.44446235294117,8.468730025919683,11.902500000000003,8.8956,0.22028478245246647,28.5,38.0,49.0
