variable,n_obs,mean_obs,std_obs,iqr_obs,mad_obs,cv_obs,p10_obs,p50_obs,p90_obs,n_op,mean_op,std_op,iqr_op,mad_op,cv_op,p10_op,p50_op,p90_op,ratio_std,delta_iqr,nota_flags
Actividad_relativa,79,0.18172018733546344,0.08438859243352262,0.1169378306878307,0.06355697115384626,0.46438754918152036,0.0984722222222222,0.153125,0.31604166666666667,96,0.18518373761675888,0.08565144395343874,0.13078125000000002,0.07632493589743591,0.4625214128180951,0.09826388888888885,0.16196581196581195,0.31666666666666665,1.0149647183760167,0.013843419312169314,Δiqr=0.014
Delta_cardiaco,79,49.13607594936709,10.79380145217752,12.75,10.3782,0.21967162097559711,35.4,50.0,63.56000000000001,96,48.81927083333333,10.674424352263356,14.125,10.00755,0.21865185960489525,35.25,49.5,62.35,0.9889402171752861,1.375,Δiqr=1.375
FC_al_caminar_promedio_diario,79,113.46518987341773,9.601326545735482,11.5,8.8956,0.08461913787344616,101.4,113.5,126.1,96,113.36197916666667,9.148761045805362,11.375,8.524949999999999,0.08070396364864714,102.5,113.5,125.5,0.952864273725683,-0.125,OK
FCr_promedio_diario,79,64.32911392405063,8.631355360466268,11.0,8.8956,0.1341749455877283,53.8,64.0,75.2,96,64.54270833333334,8.702519233461764,11.25,8.1543,0.13483349952588392,53.5,64.5,75.5,1.0082448086104119,0.25,OK
HRV_SDNN,79,39.524588797468354,11.022744254640802,11.751289166666666,8.398298894999998,0.2788832114389217,24.726558333333333,37.9499,54.7931,96,38.33603770347222,11.147883580938464,12.021975625000003,9.105670829500003,0.2907938391329567,22.699116666666665,37.01159583333333,54.101487500000005,1.011352828606631,0.27068645833333704,OK
Superavit_calorico_basal,79,31.630175976782215,14.059441118478622,19.61067961165049,13.228689499626588,0.4444945588920783,15.466482449589245,29.277744585511577,49.69021060492906,96,32.01911987335075,13.778653681964963,18.162303958177752,13.969214428678127,0.43032580959331185,15.271135175504106,30.801568334578043,50.84917849141151,0.9800285492042344,-1.4483756534727377,OK
