variable,n,mean,std,iqr,mad,cv,p10,p50,p90
Actividad_relativa,1332,0.16599497310352523,0.05528926773485831,0.06131965944272447,0.04530166666666665,0.33307796435724796,0.1025641025641025,0.1611111111111111,0.2344259259259259
Superavit_calorico_basal,1332,48.99620093684267,27.443943150577763,36.49850882930019,28.144189012426413,0.5601238999316231,21.895848266841067,47.27502943100066,80.47850882930021
HRV_SDNN,1332,63.826635985025725,13.900048179948811,18.176106666666655,13.104517310499999,0.21777817310017533,47.28074,62.594966666666664,81.57140214285715
FC_al_caminar_promedio_diario,1332,82.56509384384384,11.476758169081432,13.0625,9.636899999999999,0.13900254495910264,70.5,81.0,95.47500000000002
FCr_promedio_diario,1332,46.640797078828825,4.606503040589783,4.0,2.9652,0.09876552994590149,42.0,46.0,52.0
Delta_cardiaco,1332,35.924296765015015,11.09152992096957,13.0,9.340379999999996,0.30874730808289863,24.0,34.7,48.5
