variable,n_obs,mean_obs,std_obs,iqr_obs,mad_obs,cv_obs,p10_obs,p50_obs,p90_obs,n_op,mean_op,std_op,iqr_op,mad_op,cv_op,p10_op,p50_op,p90_op,ratio_std,delta_iqr,nota_flags
Actividad_relativa,1107,0.1669988872124161,0.053937464924265564,0.05914606227106231,0.04255611111111111,0.3229809840329008,0.10756302521008398,0.162037037037037,0.23423001949317732,1332,0.16599497310352523,0.05528926773485831,0.06131965944272447,0.04530166666666665,0.33307796435724796,0.1025641025641025,0.1611111111111111,0.2344259259259259,1.0250624090785658,0.002173597171662156,OK
Delta_cardiaco,1107,36.216524056910565,11.616731148813347,14.0,10.209035339999998,0.3207577604785827,23.5,34.7,49.82599999999999,1332,35.924296765015015,11.09152992096957,13.0,9.340379999999996,0.30874730808289863,24.0,34.7,48.5,0.9547892413867711,-1.0,OK
FC_al_caminar_promedio_diario,1107,82.78748870822042,12.309973103572448,14.25,10.3782,0.14869364073789235,70.0,81.0,96.1,1332,82.56509384384384,11.476758169081432,13.0625,9.636899999999999,0.13900254495910264,70.5,81.0,95.47500000000002,0.932313829812576,-1.1875,OK
FCr_promedio_diario,1107,46.57096465130985,4.181964256106807,4.0,2.9652,0.08979767302263053,42.0,46.0,52.0,1332,46.640797078828825,4.606503040589783,4.0,2.9652,0.09876552994590149,42.0,46.0,52.0,1.1015165980586836,0.0,OK
HRV_SDNN,1107,63.820953847850866,13.64673550982193,17.58364375,12.796883988,0.2138284479789466,47.49261333333333,62.4936,81.130912,1332,63.826635985025725,13.900048179948811,18.176106666666655,13.104517310499999,0.21777817310017533,47.28074,62.594966666666664,81.57140214285715,1.0185621440339754,0.5924629166666548,OK
Superavit_calorico_basal,1107,49.649317654760154,26.93726215573199,37.281124918247215,28.793817982995428,0.5425505007549558,22.036332243296272,48.47424460431655,81.75174362328319,1332,48.99620093684267,27.443943150577763,36.49850882930019,28.144189012426413,0.5601238999316231,21.895848266841067,47.27502943100066,80.47850882930021,1.0188096693686428,-0.7826160889470231,OK
