variable,n,mean,std,iqr,mad,cv,p10,p50,p90
Actividad_relativa,50,0.1503545462707227,0.06354238512149266,0.08567708333333335,0.06448467613636369,0.42261698563527733,0.05412820512820508,0.15906249999999994,0.2357291666666666
Superavit_calorico_basal,50,28.357558347219857,14.044940006854315,19.27133140622343,11.38579321203877,0.49528030004851475,6.968923652440061,32.48192484271382,45.14012202006462
HRV_SDNN,50,41.03162569333333,10.058642173429615,11.999166666666667,8.958196607500001,0.24514364233596295,30.6524125,41.377266666666664,53.25458
FC_al_caminar_promedio_diario,50,101.79,8.969244502118086,8.25,6.6716999999999995,0.08811518324116402,93.0,101.0,110.0
FCr_promedio_diario,50,61.546890000000005,7.290844197704685,5.75,4.4478,0.11845999363582278,51.0,61.5,70.0
Delta_cardiaco,50,40.24311,10.012704538556433,12.1875,9.1735875,0.248805436223901,27.35,41.0625,50.5
