variable,n_obs,mean_obs,std_obs,iqr_obs,mad_obs,cv_obs,p10_obs,p50_obs,p90_obs,n_op,mean_op,std_op,iqr_op,mad_op,cv_op,p10_op,p50_op,p90_op,ratio_std,delta_iqr,nota_flags
Actividad_relativa,581,0.10322546362690395,0.07219939489697018,0.0788359788359789,0.05765666666666652,0.6994339609645759,0.0345238095238095,0.0888888888888888,0.1714285714285714,853,0.10396796496639153,0.08491228737114022,0.0795634920634921,0.05559750000000001,0.8167158739577983,0.0333333333333333,0.0833333333333333,0.17755555555555555,1.1760803188490923,0.0007275132275132018,OK
Delta_cardiaco,581,43.004864296041305,10.99131566574514,12.0,9.636899999999999,0.2555830798600361,30.0,42.0,56.0,853,41.18799569871044,11.91405837894043,13.0,9.080924999999999,0.2892604550629651,29.0,41.125,54.16800000000001,1.0839519800228332,1.0,OK
FC_al_caminar_promedio_diario,581,98.57013769363166,10.028608163905185,11.5,8.524949999999999,0.10174083549599328,88.0,97.75,110.5,853,98.34478241500587,8.770689585697212,9.0,7.04235,0.08918306970964372,89.0,97.75,107.90000000000003,0.8745669830101196,-2.5,Δiqr=-2.500
FCr_promedio_diario,581,55.56527339759036,5.705117099385048,6.0,4.4478,0.10267414790822313,49.0,55.0,61.0,853,57.15678671629543,8.352225927778683,7.0,4.4478,0.14612833239272108,50.0,56.0,65.0,1.4639885180759857,1.0,↑var(ratio=1.46) | Δiqr=1.000
HRV_SDNN,581,53.23741912145726,13.116078829805787,17.622175,13.105665089999997,0.24636954695122273,37.226387,52.7171,70.21975,853,53.320520636430246,12.856795888738047,16.335300000000004,11.997693400000003,0.24112284980116797,37.3020001,52.8915,69.23800666666669,0.9802316725576146,-1.2868749999999949,OK
Superavit_calorico_basal,581,27.82018084828358,18.69995551874639,15.987499999999997,10.796602453987733,0.6721723205440672,11.57469325153374,22.636042944785277,52.81541411042945,853,27.141055976200924,19.090747903448502,16.89302147239264,11.719930260736199,0.7033900199088987,9.198704907975461,22.472239263803683,53.40296012269943,1.0208980381964199,0.9055214723926426,OK
