variable,n_obs,mean_obs,std_obs,iqr_obs,mad_obs,cv_obs,p10_obs,p50_obs,p90_obs,n_op,mean_op,std_op,iqr_op,mad_op,cv_op,p10_op,p50_op,p90_op,ratio_std,delta_iqr,nota_flags
Actividad_relativa,1532,0.11847714188229415,0.06371938845553722,0.059375,0.04478687500000001,0.5378201013562751,0.05656400966183567,0.11085144927536231,0.1833333333333333,2070,0.11711232916963114,0.06262541204582472,0.059567847593582884,0.044171143790849694,0.5347465334338544,0.056225000000000004,0.1094202898550724,0.1833333333333333,0.9828313416649336,0.00019284759358288717,OK
Delta_cardiaco,1532,45.92625886096606,10.133905757371574,12.25,8.8956,0.2206560257400946,34.0,45.0,58.5,2070,45.653983928985504,9.694018322305801,10.75,8.1543,0.21233674453000176,34.890344999999996,45.0,57.0,0.9565925078052171,-1.5,Δiqr=-1.500
FC_al_caminar_promedio_diario,1532,96.40274151436032,10.329547343666238,12.5,9.636899999999999,0.10714993351229053,84.0,95.5,109.0,2070,96.06832106280193,9.451590503354646,11.5,8.524949999999999,0.09838405000516183,85.0,95.25,107.5,0.9150052939299486,-1.0,OK
FCr_promedio_diario,1532,50.47648265339426,5.26151107548406,7.0,5.9304,0.10423688020445405,44.0,50.0,58.0,2070,50.414337133816424,5.749246135161374,7.0,4.4478,0.11403990336917377,44.0,50.0,57.4,1.0926986663488951,0.0,OK
HRV_SDNN,1532,56.44232552013484,16.67632612124175,19.941813571428582,14.761349373749994,0.2954578141060605,37.57383566666667,54.361961666666666,78.45148928571429,2070,56.92448102611737,16.83819182083902,19.65707083333333,14.474996920999992,0.29579877615596595,37.834967500000005,54.626171666666664,79.63827400000001,1.0097063165124296,-0.28474273809525386,OK
Superavit_calorico_basal,1532,36.220476507275905,18.67508695072881,16.15960959286113,11.928571274958161,0.5155947340167486,19.491020635805913,34.27317345231455,53.54800669269382,2070,36.70137987395965,25.020637317216693,16.49416620189627,12.103374197434462,0.6817356023981356,19.162926938092586,34.39493586168433,54.78173340769662,1.3397869248603547,0.33455660903513973,↑var(ratio=1.34)
