variable,n_obs,mean_obs,std_obs,iqr_obs,mad_obs,cv_obs,p10_obs,p50_obs,p90_obs,n_op,mean_op,std_op,iqr_op,mad_op,cv_op,p10_op,p50_op,p90_op,ratio_std,delta_iqr,nota_flags
Actividad_relativa,1198,0.18015182309454522,0.068980648281479,0.08522817460317458,0.06191476244343902,0.3829028599132042,0.09827777777777774,0.17366946778711478,0.2680555555555555,1861,0.1886049735435008,0.16036108869957394,0.0851851851851852,0.0617749999999999,0.8502484620989459,0.0916666666666666,0.16875,0.2679487179487179,2.3247257411268807,-4.298941798938638e-05,↑var(ratio=2.32)
Delta_cardiaco,1198,47.089439573455756,11.527213170842012,14.4375,10.3782,0.24479401911038848,33.0,47.0,61.0,1861,46.05673848092423,11.052430562231617,13.75,9.636899999999999,0.2399742345370224,32.5,47.0,59.0,0.9588120214683499,-0.6875,OK
FC_al_caminar_promedio_diario,1198,105.48497495826378,8.954731813161953,10.0,7.412999999999999,0.08489106450188745,95.0,105.0,115.5,1861,105.28433100483612,7.7074760031958105,8.0,5.9304,0.07320629698299337,96.5,105.0,114.0,0.8607154478783066,-2.0,Δiqr=-2.000
FCr_promedio_diario,1198,58.395535384808014,8.16668207468172,10.0,7.412999999999999,0.1398511379485757,48.0,58.0,69.0,1861,59.22759252391188,8.664948014815401,10.0,7.412999999999999,0.1462991765420334,49.0,58.0,70.0,1.0610120408235801,0.0,OK
HRV_SDNN,1198,34.23540775324747,9.062776309910133,10.790687500000004,8.0194019325,0.26471939155012586,23.42827,33.475208333333335,46.299512,1861,34.77705001522863,9.587122170693654,10.823352000000003,7.984838819999999,0.27567381840885063,23.98483333333333,33.6241,47.37804,1.0578570895775228,0.03266449999999921,OK
Superavit_calorico_basal,1198,25.037824600524683,9.42780819795641,12.919005102040813,9.548322214285706,0.3765426249434962,12.182795918367347,25.818520408163266,35.855076530612244,1861,22.620458605204576,11.249952066736503,15.813673469387755,11.240528571428564,0.49733527790405113,5.520051020408163,24.13719387755102,35.37005102040816,1.1932733282774108,2.8946683673469416,Δiqr=2.895
