variable,n_obs,mean_obs,std_obs,iqr_obs,mad_obs,cv_obs,p10_obs,p50_obs,p90_obs,n_op,mean_op,std_op,iqr_op,mad_op,cv_op,p10_op,p50_op,p90_op,ratio_std,delta_iqr,nota_flags
Actividad_relativa,813,0.1434472610792166,0.07803514512695409,0.12222222222222232,0.08793852941176472,0.5439988504476244,0.034423076923076924,0.1490196078431372,0.2398571428571429,980,0.13195880648498895,0.08104813909062925,0.13862554112554115,0.09895968545751636,0.6141927261205482,0.02445465686274507,0.1395152505446623,0.23522222222222222,1.0386107305724026,0.016403318903318836,Δiqr=0.016
Delta_cardiaco,813,58.119215731857324,12.792663221350557,17.5,12.6021,0.22011073377816448,42.0,58.5,75.0,980,57.670345241836735,12.368328416026932,16.625,12.416775,0.2144660026597929,42.0,58.0,73.0,0.9668298306629832,-0.875,OK
FC_al_caminar_promedio_diario,813,109.48062730627306,11.092937962305516,14.0,10.3782,0.10132329559341051,96.0,109.0,124.0,980,109.44461734693878,10.544081599350127,14.0,10.3782,0.0963417101265515,96.0,109.0,123.5,0.9505220019420971,0.0,OK
FCr_promedio_diario,813,51.36141157441573,6.317170440502114,8.0,5.9304,0.12299448646089854,43.0,51.0,59.0,980,51.77427210510204,6.638865338666407,9.0,5.9304,0.12822711104831133,43.0,51.0,60.0,1.0509238908771192,1.0,Δiqr=1.000
HRV_SDNN,813,35.19170753357084,13.493928504980982,13.866366666666668,10.031073920000006,0.3834405730983232,21.762071333333335,32.48231666666667,52.12731600000001,980,36.328033562492955,14.227131685813154,15.293558333333333,10.91060166,0.39162955686382156,21.972994,33.65710833333333,55.10344400000001,1.0543357837238818,1.4271916666666655,Δiqr=1.427
Superavit_calorico_basal,813,49.89161021602571,25.862851689337944,24.198193189715077,17.94285998610145,0.5183807773963272,20.31238359972203,46.04739402362752,85.30842251563588,980,47.70657761696756,27.010453215005086,28.204551772063933,20.45447093120222,0.5661788072887964,16.957344683808202,45.280576789437106,83.4342807505212,1.0443725827086672,4.006358582348856,Δiqr=4.006
