variable,n,mean,std,iqr,mad,cv,p10,p50,p90
Actividad_relativa,980,0.13195880648498895,0.08104813909062925,0.13862554112554115,0.09895968545751636,0.6141927261205482,0.02445465686274507,0.1395152505446623,0.23522222222222222
Superavit_calorico_basal,980,47.70657761696756,27.010453215005086,28.204551772063933,20.45447093120222,0.5661788072887964,16.957344683808202,45.280576789437106,83.4342807505212
HRV_SDNN,980,36.328033562492955,14.227131685813154,15.293558333333333,10.91060166,0.39162955686382156,21.972994,33.65710833333333,55.10344400000001
FC_al_caminar_promedio_diario,980,109.44461734693878,10.544081599350127,14.0,10.3782,0.0963417101265515,96.0,109.0,123.5
FCr_promedio_diario,980,51.77427210510204,6.638865338666407,9.0,5.9304,0.12822711104831133,43.0,51.0,60.0
Delta_cardiaco,980,57.670345241836735,12.368328416026932,16.625,12.416775,0.2144660026597929,42.0,58.0,73.0
