variable,n_obs,mean_obs,std_obs,iqr_obs,mad_obs,cv_obs,p10_obs,p50_obs,p90_obs,n_op,mean_op,std_op,iqr_op,mad_op,cv_op,p10_op,p50_op,p90_op,ratio_std,delta_iqr,nota_flags
Actividad_relativa,734,0.08753332807103228,0.0466307865937291,0.0558811745852187,0.03618250000000007,0.5327203663030926,0.0416666666666666,0.0755228758169934,0.14773015873015868,1048,0.08687177545051337,0.06413428071349651,0.05505208333333332,0.03560774358974358,0.738263726980355,0.03660416666666661,0.0717948717948717,0.14844444444444455,1.3753634754709732,-0.0008290912518853777,↑var(ratio=1.38)
Delta_cardiaco,734,37.65467092098093,9.649773630539359,11.0,8.1543,0.2562702951458426,26.0,37.5,48.5,1048,36.55603252099237,10.409540903257017,10.5,8.1543,0.28475576219271936,25.133,37.5,47.81300000000002,1.0787342068121852,-0.5,OK
FC_al_caminar_promedio_diario,734,95.26532697547684,9.984837759861618,12.5,8.8956,0.10481082757876757,83.0,95.0,107.0,1048,95.4690048664122,8.881387966342674,10.5,7.412999999999999,0.0930290200339913,85.0,95.5,106.0,0.8894874588794283,-2.0,Δiqr=-2.000
FCr_promedio_diario,734,57.61065605449591,5.45923472275179,8.0,5.9304,0.0947608497564706,50.0,58.0,64.0,1048,58.912972345419846,8.775330900729616,8.0,5.9304,0.1489541360988867,50.0,58.0,65.0,1.607428759961123,0.0,↑var(ratio=1.61)
HRV_SDNN,734,54.72901582362463,11.84870359825495,16.111701339285716,11.949476424000006,0.21649765521893916,39.609206666666665,54.507758333333335,69.91241500000001,1048,55.19867970133181,11.611344041971076,15.246325624999997,11.2711069695,0.21035546692054163,40.94775,55.25770416666667,69.884635,0.9799674661185016,-0.8653757142857188,OK
Superavit_calorico_basal,734,24.169189131511203,9.232504011209409,8.576620616365567,6.233957492029756,0.3819947769440181,14.630393198724759,23.088062345023026,34.31679773290827,1048,22.075235074213182,10.692280010973496,10.430074388947926,7.615406673751325,0.4843563375442151,7.6933545873184555,22.30793482111229,33.86690046050302,1.1581126851384778,1.853453772582359,Δiqr=1.853
