variable,n,mean,std,iqr,mad,cv,p10,p50,p90
Actividad_relativa,813,0.1434472610792166,0.07803514512695409,0.12222222222222232,0.08793852941176472,0.5439988504476244,0.034423076923076924,0.1490196078431372,0.2398571428571429
Superavit_calorico_basal,813,49.89161021602571,25.862851689337944,24.198193189715077,17.94285998610145,0.5183807773963272,20.31238359972203,46.04739402362752,85.30842251563588
HRV_SDNN,813,35.19170753357084,13.493928504980982,13.866366666666668,10.031073920000006,0.3834405730983232,21.762071333333335,32.48231666666667,52.12731600000001
FC_al_caminar_promedio_diario,813,109.48062730627306,11.092937962305516,14.0,10.3782,0.10132329559341051,96.0,109.0,124.0
FCr_promedio_diario,813,51.36141157441573,6.317170440502114,8.0,5.9304,0.12299448646089854,43.0,51.0,59.0
Delta_cardiaco,813,58.119215731857324,12.792663221350557,17.5,12.6021,0.22011073377816448,42.0,58.5,75.0
