variable,n_obs,mean_obs,std_obs,iqr_obs,mad_obs,cv_obs,p10_obs,p50_obs,p90_obs,n_op,mean_op,std_op,iqr_op,mad_op,cv_op,p10_op,p50_op,p90_op,ratio_std,delta_iqr,nota_flags
Actividad_relativa,86,0.18571625697057692,0.08685615430840694,0.12821428571428573,0.07861038461538457,0.4676820205469012,0.09685457516339865,0.1641483516483516,0.3179315476190476,96,0.18518373761675888,0.08565144395343874,0.13078125000000002,0.07632493589743591,0.4625214128180951,0.09826388888888885,0.16196581196581195,0.31666666666666665,0.9861298216049199,0.0025669642857142905,OK
Delta_cardiaco,86,48.34186046511628,10.72336059173154,12.875,10.00755,0.22182349807305346,35.0,48.5,62.35,96,48.81927083333333,10.674424352263356,14.125,10.00755,0.21865185960489525,35.25,49.5,62.35,0.9954364828964236,1.25,OK
FC_al_caminar_promedio_diario,86,113.37790697674419,9.615531567855276,12.875,8.8956,0.08480957026158184,101.75,113.0,126.25,96,113.36197916666667,9.148761045805362,11.375,8.524949999999999,0.08070396364864714,102.5,113.5,125.5,0.9514566075982395,-1.5,Δiqr=-1.500
FCr_promedio_diario,86,65.03604651162792,8.377616013425266,11.5,8.8956,0.12881496435868708,55.0,65.0,75.5,96,64.54270833333334,8.702519233461764,11.25,8.1543,0.13483349952588392,53.5,64.5,75.5,1.0387823003006864,-0.25,OK
HRV_SDNN,86,38.88077615736434,11.100025687120258,12.285035833333339,9.0503822045,0.2854887886546941,23.497683333333335,37.31205833333333,54.101487500000005,96,38.33603770347222,11.147883580938464,12.021975625000003,9.105670829500003,0.2907938391329567,22.699116666666665,37.01159583333333,54.101487500000005,1.0043115119880972,-0.26306020833333577,OK
Superavit_calorico_basal,86,21.45056083628139,9.135896574680102,11.588341645885288,8.85189842394015,0.42590478842994556,10.468778054862842,20.44653366583541,34.621695760598506,96,21.383342399210306,9.201804129751164,12.129339152119705,9.329066394014966,0.43032580959331174,10.198528678304239,20.57022443890274,33.95862842892768,1.0072141310414704,0.540997506234417,OK
