variable,n,mean,std,iqr,mad,cv,p10,p50,p90
Actividad_relativa,2070,0.11711232916963114,0.06262541204582472,0.059567847593582884,0.044171143790849694,0.5347465334338544,0.056225000000000004,0.1094202898550724,0.1833333333333333
Superavit_calorico_basal,2070,36.70137987395965,25.020637317216693,16.49416620189627,12.103374197434462,0.6817356023981356,19.162926938092586,34.39493586168433,54.78173340769662
HRV_SDNN,2070,56.92448102611737,16.83819182083902,19.65707083333333,14.474996920999992,0.29579877615596595,37.834967500000005,54.626171666666664,79.63827400000001
FC_al_caminar_promedio_diario,2070,96.06832106280193,9.451590503354646,11.5,8.524949999999999,0.09838405000516183,85.0,95.25,107.5
FCr_promedio_diario,2070,50.414337133816424,5.749246135161374,7.0,4.4478,0.11403990336917377,44.0,50.0,57.4
Delta_cardiaco,2070,45.653983928985504,9.694018322305801,10.75,8.1543,0.21233674453000176,34.890344999999996,45.0,57.0
