variable,n,mean,std,iqr,mad,cv,p10,p50,p90
Actividad_relativa,734,0.08753332807103228,0.0466307865937291,0.0558811745852187,0.03618250000000007,0.5327203663030926,0.0416666666666666,0.0755228758169934,0.14773015873015868
Superavit_calorico_basal,734,24.169189131511203,9.232504011209409,8.576620616365567,6.233957492029756,0.3819947769440181,14.630393198724759,23.088062345023026,34.31679773290827
HRV_SDNN,734,54.72901582362463,11.84870359825495,16.111701339285716,11.949476424000006,0.21649765521893916,39.609206666666665,54.507758333333335,69.91241500000001
FC_al_caminar_promedio_diario,734,95.26532697547684,9.984837759861618,12.5,8.8956,0.10481082757876757,83.0,95.0,107.0
FCr_promedio_diario,734,57.61065605449591,5.45923472275179,8.0,5.9304,0.0947608497564706,50.0,58.0,64.0
Delta_cardiaco,734,37.65467092098093,9.649773630539359,11.0,8.1543,0.2562702951458426,26.0,37.5,48.5
