variable,n,mean,std,iqr,mad,cv,p10,p50,p90
Actividad_relativa,96,0.18518373761675888,0.08565144395343874,0.13078125000000002,0.07632493589743591,0.4625214128180951,0.09826388888888885,0.16196581196581195,0.31666666666666665
Superavit_calorico_basal,96,21.383342399210306,9.201804129751164,12.129339152119705,9.329066394014966,0.43032580959331174,10.198528678304239,20.57022443890274,33.95862842892768
HRV_SDNN,96,38.33603770347222,11.147883580938464,12.021975625000003,9.105670829500003,0.2907938391329567,22.699116666666665,37.01159583333333,54.101487500000005
FC_al_caminar_promedio_diario,96,113.36197916666667,9.148761045805362,11.375,8.524949999999999,0.08070396364864714,102.5,113.5,125.5
FCr_promedio_diario,96,64.54270833333334,8.702519233461764,11.25,8.1543,0.13483349952588392,53.5,64.5,75.5
Delta_cardiaco,96,48.81927083333333,10.674424352263356,14.125,10.00755,0.21865185960489525,35.25,49.5,62.35
