variable,n,mean,std,iqr,mad,cv,p10,p50,p90
Actividad_relativa,79,0.18172018733546344,0.08438859243352262,0.1169378306878307,0.06355697115384626,0.46438754918152036,0.0984722222222222,0.153125,0.31604166666666667
Superavit_calorico_basal,79,31.630175976782215,14.059441118478622,19.61067961165049,13.228689499626588,0.4444945588920783,15.466482449589245,29.277744585511577,49.69021060492906
HRV_SDNN,79,39.524588797468354,11.022744254640802,11.751289166666666,8.398298894999998,0.2788832114389217,24.726558333333333,37.9499,54.7931
FC_al_caminar_promedio_diario,79,113.46518987341773,9.601326545735482,11.5,8.8956,0.08461913787344616,101.4,113.5,126.1
FCr_promedio_diario,79,64.32911392405063,8.631355360466268,11.0,8.8956,0.1341749455877283,53.8,64.0,75.2
Delta_cardiaco,79,49.13607594936709,10.79380145217752,12.75,10.3782,0.21967162097559711,35.4,50.0,63.56000000000001
