variable,n,mean,std,iqr,mad,cv,p10,p50,p90
Actividad_relativa,1048,0.08687177545051337,0.06413428071349651,0.05505208333333332,0.03560774358974358,0.738263726980355,0.03660416666666661,0.0717948717948717,0.14844444444444455
Superavit_calorico_basal,1048,22.075235074213182,10.692280010973496,10.430074388947926,7.615406673751325,0.4843563375442151,7.6933545873184555,22.30793482111229,33.86690046050302
HRV_SDNN,1048,55.19867970133181,11.611344041971076,15.246325624999997,11.2711069695,0.21035546692054163,40.94775,55.25770416666667,69.884635
FC_al_caminar_promedio_diario,1048,95.4690048664122,8.881387966342674,10.5,7.412999999999999,0.0930290200339913,85.0,95.5,106.0
FCr_promedio_diario,1048,58.912972345419846,8.775330900729616,8.0,5.9304,0.1489541360988867,50.0,58.0,65.0
Delta_cardiaco,1048,36.55603252099237,10.409540903257017,10.5,8.1543,0.28475576219271936,25.133,37.5,47.81300000000002
