usuario_id,variable,n_weeks,acf_lag1,acf_lag2,acf_lag4,status
u9,Actividad_relativa_p50,302,0.36689596014234066,0.21500792894171067,0.18877245776392237,OK
u9,Actividad_relativa_iqr,302,0.20046848583387672,0.06986426316011188,-0.011034073700350304,OK
u9,Superavit_calorico_basal_p50,302,0.3915964264607649,0.27961467260128664,0.2056568492758678,OK
u9,Superavit_calorico_basal_iqr,302,0.01816927265733738,0.0066685341734919225,-0.03650077240787914,OK
u9,HRV_SDNN_p50,302,0.6298526612962296,0.519822980467001,0.4150133284612362,OK
u9,HRV_SDNN_iqr,302,0.1391847302551439,0.14463649638967818,0.19008502583442502,OK
u9,Delta_cardiaco_p50,302,0.4656084355488946,0.3286093873419994,0.2043354390414983,OK
u9,Delta_cardiaco_iqr,302,0.08444367512091856,0.09174173439738371,0.113075264054286,OK
