usuario_id,variable,n_weeks,acf_lag1,acf_lag2,acf_lag4,status
u1,Actividad_relativa_p50,159,0.4338795344399645,0.37920149992065905,0.3675745829487428,OK
u1,Actividad_relativa_iqr,159,0.5004522406732971,0.4125831338254205,0.30802626192676424,OK
u1,Superavit_calorico_basal_p50,159,0.38422855587022586,0.3003389470800649,0.23008113777247277,OK
u1,Superavit_calorico_basal_iqr,159,0.34266460595885007,0.3669610403574475,0.28579748789014986,OK
u1,HRV_SDNN_p50,159,0.48026703676916105,0.3465618790726654,0.34337332816352145,OK
u1,HRV_SDNN_iqr,159,0.059872520402474996,0.12532490297265145,-0.024623376312377963,OK
u1,Delta_cardiaco_p50,159,0.1936597642621077,0.21937086391252064,0.19955688752550121,OK
u1,Delta_cardiaco_iqr,159,0.16530400983356086,0.08795207789872045,-0.02659642319428241,OK
