usuario_id,variable,n_weeks,acf_lag1,acf_lag2,acf_lag4,status
u6,Actividad_relativa_p50,303,0.22288790270003908,0.21996206587122227,0.14534455972559146,OK
u6,Actividad_relativa_iqr,303,0.023318464872069608,-0.008139832318234804,-0.02354748626267253,OK
u6,Superavit_calorico_basal_p50,303,0.38301011799471774,0.31780627030563197,0.22422654884558546,OK
u6,Superavit_calorico_basal_iqr,303,0.11515669877027505,0.10815404248578557,0.19598369193696297,OK
u6,HRV_SDNN_p50,303,0.2983142560260652,0.26344153748949634,0.1127950329689866,OK
u6,HRV_SDNN_iqr,303,0.07723896615152337,-0.0015077997366513063,0.02394822587782308,OK
u6,Delta_cardiaco_p50,303,0.377957729155135,0.2866602300226027,0.2897098300040001,OK
u6,Delta_cardiaco_iqr,303,0.06120466373368846,0.09392658523895453,0.13054112963737752,OK
