usuario_id,variable,n_weeks,acf_lag1,acf_lag2,acf_lag4,status
u8,Actividad_relativa_p50,192,0.4140589527118658,0.3192763253637798,0.1819515076254721,OK
u8,Actividad_relativa_iqr,192,0.13293759835174437,0.09520482485144884,0.07940564207579433,OK
u8,Superavit_calorico_basal_p50,192,0.4596626032910934,0.39825184194036584,0.3505607557952206,OK
u8,Superavit_calorico_basal_iqr,192,0.4459811830308077,0.30003101411750055,0.3096586175541308,OK
u8,HRV_SDNN_p50,192,0.272186219261679,0.16789121718242234,-0.03630181977480157,OK
u8,HRV_SDNN_iqr,192,0.018611727764351674,-0.04461823291098333,0.07277715864343727,OK
u8,Delta_cardiaco_p50,192,0.25234740021422486,0.22213925962648012,0.07372905595033782,OK
u8,Delta_cardiaco_iqr,192,0.09927160362584307,0.1005898549014937,0.11389283807959864,OK
