usuario_id,variable,n_weeks,acf_lag1,acf_lag2,acf_lag4,status
u3,Actividad_relativa_p50,141,0.4068217477915327,0.1642876972782893,0.1341086062478386,OK
u3,Actividad_relativa_iqr,141,0.18281456070984736,0.09166501492092081,0.02564170726283571,OK
u3,Superavit_calorico_basal_p50,141,0.2666131568464865,0.12688290931849142,0.10791569129814596,OK
u3,Superavit_calorico_basal_iqr,141,0.18615267647732128,0.11862204722288638,0.03393698753090236,OK
u3,HRV_SDNN_p50,141,0.4487755359920552,0.38755256837551183,0.27368022323789,OK
u3,HRV_SDNN_iqr,141,0.1392297502488804,0.1295074914702303,0.20078745934757247,OK
u3,Delta_cardiaco_p50,141,0.40999714700405937,0.38763058198579886,0.25932978487444713,OK
u3,Delta_cardiaco_iqr,141,0.0076257217134960064,-0.05556550154327264,0.12641421032999883,OK
