usuario_id,variable,n_weeks,acf_lag1,acf_lag2,acf_lag4,status
u10,Actividad_relativa_p50,133,0.4446387878814331,0.3640970223085413,0.512161422308213,OK
u10,Actividad_relativa_iqr,133,0.207725045503359,0.27689389630084243,0.2879449639729637,OK
u10,Superavit_calorico_basal_p50,133,0.5379160946765392,0.4226106214932751,0.2686650757587935,OK
u10,Superavit_calorico_basal_iqr,133,0.4129547397238061,0.2732924087103436,0.43898948864242376,OK
u10,HRV_SDNN_p50,133,0.25666046646785307,0.15952035958170435,0.34551894446072823,OK
u10,HRV_SDNN_iqr,133,0.00882627047348614,0.012199371011211107,-0.06448416582417348,OK
u10,Delta_cardiaco_p50,133,0.382394447847409,0.2389730471237568,0.1668826614226826,OK
u10,Delta_cardiaco_iqr,133,0.02477719463569094,-0.05708857560166132,-0.04116224783690269,OK
