usuario_id,variable,n_weeks,acf_lag1,acf_lag2,acf_lag4,status
u7,Actividad_relativa_p50,117,0.28003478671465565,0.44901730809007945,0.292871469897562,OK
u7,Actividad_relativa_iqr,117,0.113157637363501,0.16913810018131342,0.19860790238584713,OK
u7,Superavit_calorico_basal_p50,117,0.43063347594260337,0.3299777566037993,0.15197900583991478,OK
u7,Superavit_calorico_basal_iqr,117,0.5620978079018576,0.3071331892163666,0.4944659463319748,OK
u7,HRV_SDNN_p50,117,0.3798393701839429,0.2804924420156665,0.2736356557162527,OK
u7,HRV_SDNN_iqr,117,-0.06702149297965929,-0.08161038597768532,0.053385134076924606,OK
u7,Delta_cardiaco_p50,117,0.4378420564846997,0.3311486177858855,0.11912148242408988,OK
u7,Delta_cardiaco_iqr,117,-0.008861848683667567,-0.1333649096582935,0.008869387984793574,OK
